Invoice,stock_code,description,quantity,invoice_date,unit_price,customer_id,country,total_amount,ingestion_date
INV1000,STK100,Power Bank,26,2024-05-01,33.48,14635,Finland,870.48,2025-06-30 11:54:32.346354
INV1001,STK101,Wireless Mouse,36,2024-10-28,82.5,82465,South Korea,2970.0,2025-06-30 11:54:32.346358
INV1002,STK102,Monitor Riser,1,2024-06-14,39.99,95944,Iraq,39.99,2025-06-30 11:54:32.346358
INV1003,STK103,Laptop Stand,20,2024-01-09,69.01,64967,Belgium,1380.2,2025-06-30 11:54:32.346359
INV1004,STK104,Power Bank,19,2024-03-30,98.09,39427,Iraq,1863.71,2025-06-30 11:54:32.346360
INV1005,STK105,Flash Drive,14,2024-05-15,60.45,52179,South Africa,846.3,2025-06-30 11:54:32.346360
INV1006,STK106,Desk Lamp,28,2024-01-27,80.69,42540,Kenya,2259.32,2025-06-30 11:54:32.346361
INV1007,STK107,Calendar,38,2024-03-05,73.91,64559,Greece,2808.58,2025-06-30 11:54:32.346362
INV1008,STK108,Calendar,39,2024-08-03,70.36,51934,Ireland,2744.04,2025-06-30 11:54:32.346362
INV1009,STK109,Desk Organizer,42,2024-09-26,7.53,45554,UAE,316.26,2025-06-30 11:54:32.346363
INV1010,STK110,Ballpoint Pen,21,2024-02-28,50.09,20208,Spain,1051.89,2025-06-30 11:54:32.346363
INV1011,STK111,HDMI Adapter,30,2024-02-02,96.87,84912,Belgium,2906.1,2025-06-30 11:54:32.346364
INV1012,STK112,Power Bank,29,2024-08-31,79.38,58864,Bangladesh,2302.02,2025-06-30 11:54:32.346364
INV1013,STK113,Phone Charger,29,2024-08-17,78.74,25650,Australia,2283.46,2025-06-30 11:54:32.346365
INV1014,STK114,Sticky Notes,44,2024-07-04,59.88,75803,Iraq,2634.72,2025-06-30 11:54:32.346365
INV1015,STK115,Earbuds,14,2024-09-19,73.53,98254,Russia,1029.42,2025-06-30 11:54:32.346365
INV1016,STK116,Keyboard,33,2024-10-30,60.43,16903,Sweden,1994.19,2025-06-30 11:54:32.346366
INV1017,STK117,USB-C Cable,31,2024-02-25,21.2,33507,Singapore,657.2,2025-06-30 11:54:32.346366
INV1018,STK118,Travel Backpack,48,2024-08-19,64.76,39253,Poland,3108.48,2025-06-30 11:54:32.346367
INV1019,STK119,Flash Drive,11,2024-09-14,63.87,77603,Thailand,702.57,2025-06-30 11:54:32.346367
INV1020,STK120,HDMI Adapter,43,2024-04-23,84.91,16019,France,3651.13,2025-06-30 11:54:32.346367
INV1021,STK121,Keyboard,6,2024-11-10,19.04,62550,Japan,114.24,2025-06-30 11:54:32.346368
INV1022,STK122,Notebook,19,2024-01-23,69.67,19034,Spain,1323.73,2025-06-30 11:54:32.346368
INV1023,STK123,Ballpoint Pen,33,2024-12-03,8.0,70960,Saudi Arabia,264.0,2025-06-30 11:54:32.346368
INV1024,STK124,Phone Charger,43,2024-09-23,95.08,47002,Egypt,4088.44,2025-06-30 11:54:32.346369
INV1025,STK125,Monitor Riser,41,2024-06-03,15.44,50723,Portugal,633.04,2025-06-30 11:54:32.346369
INV1026,STK126,Flash Drive,40,2024-08-22,6.8,52899,Saudi Arabia,272.0,2025-06-30 11:54:32.346370
INV1027,STK127,Calendar,22,2024-11-25,34.8,21322,France,765.6,2025-06-30 11:54:32.346370
INV1028,STK128,Travel Backpack,6,2024-01-16,19.39,82494,Switzerland,116.34,2025-06-30 11:54:32.346370
INV1029,STK129,USB-C Cable,49,2024-02-01,70.6,69866,France,3459.4,2025-06-30 11:54:32.346371
INV1030,STK130,USB-C Cable,16,2024-09-02,43.99,11044,Mexico,703.84,2025-06-30 11:54:32.346371
INV1031,STK131,Ballpoint Pen,44,2024-07-24,78.62,58354,Ireland,3459.28,2025-06-30 11:54:32.346371
INV1032,STK132,Phone Charger,20,2024-08-06,92.45,36302,Ireland,1849.0,2025-06-30 11:54:32.346372
INV1033,STK133,Coffee Mug,15,2024-12-17,87.92,48219,Brazil,1318.8,2025-06-30 11:54:32.346372
INV1034,STK134,Phone Charger,13,2024-02-25,74.9,83899,Mexico,973.7,2025-06-30 11:54:32.346373
INV1035,STK135,Phone Charger,10,2024-09-08,10.92,49834,Poland,109.2,2025-06-30 11:54:32.346373
INV1036,STK136,HDMI Adapter,2,2024-12-30,18.12,91620,Austria,36.24,2025-06-30 11:54:32.346373
INV1037,STK137,Water Bottle,3,2024-08-15,24.7,41795,Argentina,74.1,2025-06-30 11:54:32.346374
INV1038,STK138,Flash Drive,16,2024-02-07,35.88,70807,Iraq,574.08,2025-06-30 11:54:32.346374
INV1039,STK139,Travel Backpack,31,2024-02-11,67.91,58270,Germany,2105.21,2025-06-30 11:54:32.346374
INV1040,STK140,Water Bottle,40,2024-06-13,54.92,87554,New Zealand,2196.8,2025-06-30 11:54:32.346375
INV1041,STK141,Keyboard,50,2024-11-07,34.81,74665,Sweden,1740.5,2025-06-30 11:54:32.346375
INV1042,STK142,Power Bank,5,2024-03-16,21.45,35614,Malaysia,107.25,2025-06-30 11:54:32.346376
INV1043,STK143,Calendar,30,2024-02-03,91.65,81638,Brazil,2749.5,2025-06-30 11:54:32.346376
INV1044,STK144,Sticky Notes,27,2024-03-05,37.52,42129,Vietnam,1013.04,2025-06-30 11:54:32.346376
INV1045,STK145,Keyboard,41,2024-05-20,38.66,29735,Switzerland,1585.06,2025-06-30 11:54:32.346377
INV1046,STK146,Monitor Riser,37,2024-11-15,78.34,10835,Pakistan,2898.58,2025-06-30 11:54:32.346377
INV1047,STK147,Ballpoint Pen,13,2024-11-20,73.49,63744,New Zealand,955.37,2025-06-30 11:54:32.346378
INV1048,STK148,Ballpoint Pen,46,2024-10-26,66.11,13133,Bangladesh,3041.06,2025-06-30 11:54:32.346378
INV1049,STK149,Wireless Mouse,45,2024-10-07,70.86,40539,UK,3188.7,2025-06-30 11:54:32.346379
INV1050,STK150,Notebook,25,2024-12-30,62.96,80981,Bangladesh,1574.0,2025-06-30 11:54:32.346379
INV1051,STK151,Coffee Mug,32,2024-06-15,23.27,55406,South Korea,744.64,2025-06-30 11:54:32.346379
INV1052,STK152,Water Bottle,26,2024-07-14,28.42,93354,Austria,738.92,2025-06-30 11:54:32.346380
INV1053,STK153,USB-C Cable,16,2024-11-01,58.02,11257,Iraq,928.32,2025-06-30 11:54:32.346380
INV1054,STK154,Desk Lamp,10,2024-09-28,26.36,53911,Australia,263.6,2025-06-30 11:54:32.346381
INV1055,STK155,Ballpoint Pen,42,2024-05-30,97.43,10191,Singapore,4092.06,2025-06-30 11:54:32.346381
INV1056,STK156,Travel Backpack,45,2024-08-20,33.27,96154,Colombia,1497.15,2025-06-30 11:54:32.346381
INV1057,STK157,Laptop Stand,1,2024-09-15,32.46,59319,Singapore,32.46,2025-06-30 11:54:32.346382
INV1058,STK158,Laptop Stand,49,2024-11-05,24.69,50306,South Africa,1209.81,2025-06-30 11:54:32.346382
INV1059,STK159,USB-C Cable,50,2024-08-08,71.97,23624,France,3598.5,2025-06-30 11:54:32.346383
INV1060,STK160,Earbuds,7,2024-02-20,35.12,36895,Egypt,245.84,2025-06-30 11:54:32.346383
INV1061,STK161,Desk Organizer,50,2024-12-25,38.14,79443,Kenya,1907.0,2025-06-30 11:54:32.346383
INV1062,STK162,Bluetooth Speaker,28,2024-02-28,93.7,41217,Czech Republic,2623.6,2025-06-30 11:54:32.346384
INV1063,STK163,Wireless Mouse,15,2024-12-01,80.56,65026,Switzerland,1208.4,2025-06-30 11:54:32.346384
INV1064,STK164,Travel Backpack,12,2024-11-29,30.98,74491,USA,371.76,2025-06-30 11:54:32.346384
INV1065,STK165,Sticky Notes,45,2024-10-09,16.58,17850,Italy,746.1,2025-06-30 11:54:32.346385
INV1066,STK166,USB-C Cable,34,2024-04-20,69.28,28661,Switzerland,2355.52,2025-06-30 11:54:32.346385
INV1067,STK167,Laptop Stand,30,2024-08-08,41.07,46677,Spain,1232.1,2025-06-30 11:54:32.346386
INV1068,STK168,Water Bottle,4,2024-08-19,98.12,22193,USA,392.48,2025-06-30 11:54:32.346386
INV1069,STK169,Flash Drive,36,2024-04-26,82.75,15754,Indonesia,2979.0,2025-06-30 11:54:32.346386
INV1070,STK170,Notebook,16,2024-07-30,95.69,40339,Denmark,1531.04,2025-06-30 11:54:32.346387
INV1071,STK171,USB-C Cable,8,2024-06-22,81.44,78125,Germany,651.52,2025-06-30 11:54:32.346387
INV1072,STK172,Travel Backpack,30,2024-08-20,32.59,64140,South Africa,977.7,2025-06-30 11:54:32.346387
INV1073,STK173,HDMI Adapter,9,2024-07-23,32.32,58823,Portugal,290.88,2025-06-30 11:54:32.346388
INV1074,STK174,Coffee Mug,30,2024-07-31,72.84,70091,Sweden,2185.2,2025-06-30 11:54:32.346388
INV1075,STK175,Coffee Mug,43,2024-02-18,37.9,21128,Australia,1629.7,2025-06-30 11:54:32.346389
INV1076,STK176,HDMI Adapter,34,2024-06-09,47.03,86122,Finland,1599.02,2025-06-30 11:54:32.346389
INV1077,STK177,Keyboard,36,2024-08-06,29.36,22527,Austria,1056.96,2025-06-30 11:54:32.346389
INV1078,STK178,Notebook,39,2024-06-09,50.51,76247,Portugal,1969.89,2025-06-30 11:54:32.346390
INV1079,STK179,Notebook,21,2024-12-06,24.2,27499,Egypt,508.2,2025-06-30 11:54:32.346390
INV1080,STK180,Sticky Notes,49,2024-05-10,56.16,93521,Indonesia,2751.84,2025-06-30 11:54:32.346390
INV1081,STK181,Ballpoint Pen,29,2024-07-10,93.64,61688,Belgium,2715.56,2025-06-30 11:54:32.346391
INV1082,STK182,Wireless Mouse,40,2024-03-19,71.14,19808,Colombia,2845.6,2025-06-30 11:54:32.346391
INV1083,STK183,Bluetooth Speaker,47,2024-12-17,18.04,87580,India,847.88,2025-06-30 11:54:32.346392
INV1084,STK184,Power Bank,33,2024-08-30,63.49,84425,Israel,2095.17,2025-06-30 11:54:32.346392
INV1085,STK185,Phone Charger,28,2024-02-04,60.75,18163,USA,1701.0,2025-06-30 11:54:32.346392
INV1086,STK186,Earbuds,36,2024-02-16,28.03,67014,Finland,1009.08,2025-06-30 11:54:32.346393
INV1087,STK187,Keyboard,29,2024-02-13,68.63,96827,Saudi Arabia,1990.27,2025-06-30 11:54:32.346393
INV1088,STK188,Desk Organizer,11,2024-02-17,55.45,27132,UK,609.95,2025-06-30 11:54:32.346393
INV1089,STK189,Water Bottle,48,2024-08-09,65.6,41034,Brazil,3148.8,2025-06-30 11:54:32.346394
INV1090,STK190,Desk Organizer,31,2024-02-19,9.99,48230,China,309.69,2025-06-30 11:54:32.346394
INV1091,STK191,Keyboard,29,2024-07-09,44.26,44208,Czech Republic,1283.54,2025-06-30 11:54:32.346394
INV1092,STK192,Notebook,17,2024-03-07,73.15,51288,Spain,1243.55,2025-06-30 11:54:32.346395
INV1093,STK193,Desk Organizer,49,2024-10-11,14.55,61505,Czech Republic,712.95,2025-06-30 11:54:32.346395
INV1094,STK194,Ballpoint Pen,16,2024-01-31,78.22,52762,USA,1251.52,2025-06-30 11:54:32.346396
INV1095,STK195,Calendar,41,2024-10-27,5.49,51688,UAE,225.09,2025-06-30 11:54:32.346396
INV1096,STK196,Flash Drive,18,2024-10-14,57.28,69343,France,1031.04,2025-06-30 11:54:32.346396
INV1097,STK197,Keyboard,50,2024-10-14,93.26,45645,Philippines,4663.0,2025-06-30 11:54:32.346397
INV1098,STK198,Calendar,50,2024-06-17,43.66,40619,Netherlands,2183.0,2025-06-30 11:54:32.346397
INV1099,STK199,Monitor Riser,34,2024-12-09,93.83,19789,Turkey,3190.22,2025-06-30 11:54:32.346397
INV1100,STK200,Sticky Notes,32,2024-03-03,88.45,36569,Thailand,2830.4,2025-06-30 11:54:32.346398
INV1101,STK201,Desk Organizer,41,2024-07-29,50.36,27840,UK,2064.76,2025-06-30 11:54:32.346399
INV1102,STK202,HDMI Adapter,16,2024-06-30,23.95,86638,Spain,383.2,2025-06-30 11:54:32.346399
INV1103,STK203,Power Bank,18,2024-12-06,96.57,24283,China,1738.26,2025-06-30 11:54:32.346400
INV1104,STK204,Earbuds,29,2024-08-04,35.51,30369,Thailand,1029.79,2025-06-30 11:54:32.346400
INV1105,STK205,Desk Organizer,5,2024-01-27,66.36,23848,Poland,331.8,2025-06-30 11:54:32.346401
INV1106,STK206,Coffee Mug,46,2024-05-27,91.25,31544,Indonesia,4197.5,2025-06-30 11:54:32.346401
INV1107,STK207,USB-C Cable,19,2024-11-03,13.5,68925,UAE,256.5,2025-06-30 11:54:32.346402
INV1108,STK208,Keyboard,16,2024-06-08,59.54,71086,Argentina,952.64,2025-06-30 11:54:32.346403
INV1109,STK209,HDMI Adapter,18,2024-06-29,55.84,51160,Japan,1005.12,2025-06-30 11:54:32.346403
INV1110,STK210,Power Bank,22,2024-02-23,73.7,63282,Pakistan,1621.4,2025-06-30 11:54:32.346404
INV1111,STK211,Monitor Riser,21,2024-10-22,93.98,25825,Spain,1973.58,2025-06-30 11:54:32.346405
INV1112,STK212,Water Bottle,35,2024-09-16,91.76,80244,Finland,3211.6,2025-06-30 11:54:32.346405
INV1113,STK213,Notebook,6,2024-04-18,21.63,56961,Italy,129.78,2025-06-30 11:54:32.346406
INV1114,STK214,HDMI Adapter,9,2024-03-20,88.81,37215,Mexico,799.29,2025-06-30 11:54:32.346406
INV1115,STK215,Wireless Mouse,10,2024-12-02,21.7,69233,Japan,217.0,2025-06-30 11:54:32.346407
INV1116,STK216,Wireless Mouse,15,2024-09-03,92.37,50410,Poland,1385.55,2025-06-30 11:54:32.346408
INV1117,STK217,Sticky Notes,25,2024-04-24,99.73,70731,UAE,2493.25,2025-06-30 11:54:32.346408
INV1118,STK218,Notebook,45,2024-02-25,42.71,44735,Finland,1921.95,2025-06-30 11:54:32.346409
INV1119,STK219,Power Bank,10,2024-06-28,52.06,25717,Denmark,520.6,2025-06-30 11:54:32.346409
INV1120,STK220,HDMI Adapter,46,2024-10-11,93.98,21851,UAE,4323.08,2025-06-30 11:54:32.346410
INV1121,STK221,Earbuds,14,2024-07-07,96.4,30658,Turkey,1349.6,2025-06-30 11:54:32.346411
INV1122,STK222,Desk Organizer,5,2024-02-28,92.97,99922,Bangladesh,464.85,2025-06-30 11:54:32.346411
INV1123,STK223,Wireless Mouse,27,2024-05-22,88.29,49874,Austria,2383.83,2025-06-30 11:54:32.346412
INV1124,STK224,Earbuds,27,2024-10-20,5.88,89076,Japan,158.76,2025-06-30 11:54:32.346412
INV1125,STK225,Earbuds,22,2024-04-25,58.96,15286,China,1297.12,2025-06-30 11:54:32.346413
INV1126,STK226,HDMI Adapter,35,2024-08-07,15.19,38183,Iraq,531.65,2025-06-30 11:54:32.346413
INV1127,STK227,Wireless Mouse,30,2024-10-14,98.38,52964,Nigeria,2951.4,2025-06-30 11:54:32.346414
INV1128,STK228,Monitor Riser,27,2024-11-14,32.03,29441,Japan,864.81,2025-06-30 11:54:32.346414
INV1129,STK229,HDMI Adapter,4,2024-11-10,98.96,21955,Hungary,395.84,2025-06-30 11:54:32.346416
INV1130,STK230,Flash Drive,14,2024-12-11,56.61,42534,Sweden,792.54,2025-06-30 11:54:32.346416
INV1131,STK231,Coffee Mug,27,2024-11-25,51.92,56627,Brazil,1401.84,2025-06-30 11:54:32.346417
INV1132,STK232,Wireless Mouse,25,2024-10-12,94.16,61936,Argentina,2354.0,2025-06-30 11:54:32.346418
INV1133,STK233,Desk Organizer,50,2024-01-14,85.85,77300,Greece,4292.5,2025-06-30 11:54:32.346418
INV1134,STK234,Power Bank,38,2024-11-07,49.46,16416,Finland,1879.48,2025-06-30 11:54:32.346419
INV1135,STK235,Desk Lamp,45,2024-12-02,23.32,98759,Iran,1049.4,2025-06-30 11:54:32.346420
INV1136,STK236,Monitor Riser,2,2024-12-21,15.7,49169,Japan,31.4,2025-06-30 11:54:32.346420
INV1137,STK237,Desk Organizer,49,2024-05-16,20.44,44100,South Korea,1001.56,2025-06-30 11:54:32.346421
INV1138,STK238,Monitor Riser,37,2024-01-15,48.6,32789,Bangladesh,1798.2,2025-06-30 11:54:32.346421
INV1139,STK239,Travel Backpack,25,2024-04-02,29.44,14073,Switzerland,736.0,2025-06-30 11:54:32.346422
INV1140,STK240,Coffee Mug,31,2024-05-19,22.69,63004,China,703.39,2025-06-30 11:54:32.346423
INV1141,STK241,Ballpoint Pen,1,2024-12-25,74.98,69270,Egypt,74.98,2025-06-30 11:54:32.346423
INV1142,STK242,Travel Backpack,23,2024-06-07,80.12,82869,Belgium,1842.76,2025-06-30 11:54:32.346424
INV1143,STK243,Travel Backpack,20,2024-06-22,58.94,82105,UK,1178.8,2025-06-30 11:54:32.346425
INV1144,STK244,Coffee Mug,49,2024-06-28,76.94,42748,USA,3770.06,2025-06-30 11:54:32.346425
INV1145,STK245,Water Bottle,25,2024-01-04,21.67,22415,New Zealand,541.75,2025-06-30 11:54:32.346426
INV1146,STK246,USB-C Cable,27,2024-04-02,86.33,70560,Malaysia,2330.91,2025-06-30 11:54:32.346426
INV1147,STK247,Monitor Riser,35,2024-03-14,90.22,23357,Singapore,3157.7,2025-06-30 11:54:32.346427
INV1148,STK248,Coffee Mug,48,2024-10-16,83.56,28322,Greece,4010.88,2025-06-30 11:54:32.346428
INV1149,STK249,Sticky Notes,48,2024-12-02,53.95,25919,Norway,2589.6,2025-06-30 11:54:32.346429
INV1150,STK250,Flash Drive,35,2024-07-24,13.24,11567,UK,463.4,2025-06-30 11:54:32.346429
INV1151,STK251,Water Bottle,39,2024-02-05,68.58,18083,India,2674.62,2025-06-30 11:54:32.346430
INV1152,STK252,HDMI Adapter,15,2024-03-13,22.55,39135,Saudi Arabia,338.25,2025-06-30 11:54:32.346431
INV1153,STK253,Desk Organizer,32,2024-11-20,18.36,27133,Japan,587.52,2025-06-30 11:54:32.346431
INV1154,STK254,Water Bottle,15,2024-01-16,35.74,35969,Japan,536.1,2025-06-30 11:54:32.346432
INV1155,STK255,Monitor Riser,18,2024-02-16,28.56,62505,UK,514.08,2025-06-30 11:54:32.346432
INV1156,STK256,Desk Lamp,28,2024-09-28,29.77,58790,Vietnam,833.56,2025-06-30 11:54:32.346433
INV1157,STK257,USB-C Cable,32,2024-04-20,27.37,99952,South Africa,875.84,2025-06-30 11:54:32.346433
INV1158,STK258,Ballpoint Pen,2,2024-07-11,76.61,92614,Mexico,153.22,2025-06-30 11:54:32.346434
INV1159,STK259,Notebook,25,2024-08-02,95.63,94500,Kenya,2390.75,2025-06-30 11:54:32.346435
INV1160,STK260,HDMI Adapter,22,2024-08-20,33.68,21015,UAE,740.96,2025-06-30 11:54:32.346435
INV1161,STK261,Laptop Stand,43,2024-06-23,73.67,86326,Egypt,3167.81,2025-06-30 11:54:32.346436
INV1162,STK262,Keyboard,44,2024-03-21,6.09,86823,Italy,267.96,2025-06-30 11:54:32.346436
INV1163,STK263,Flash Drive,26,2024-07-08,67.1,43924,UK,1744.6,2025-06-30 11:54:32.346437
INV1164,STK264,Keyboard,47,2024-06-08,70.81,19828,Belgium,3328.07,2025-06-30 11:54:32.346438
INV1165,STK265,Water Bottle,11,2024-06-15,10.9,12857,China,119.9,2025-06-30 11:54:32.346438
INV1166,STK266,Flash Drive,30,2024-10-17,16.23,18450,Switzerland,486.9,2025-06-30 11:54:32.346439
INV1167,STK267,Earbuds,9,2024-11-01,34.15,35919,USA,307.35,2025-06-30 11:54:32.346440
INV1168,STK268,Desk Lamp,40,2024-02-13,43.51,94670,South Korea,1740.4,2025-06-30 11:54:32.346440
INV1169,STK269,Phone Charger,35,2024-01-27,52.74,68121,Bangladesh,1845.9,2025-06-30 11:54:32.346441
INV1170,STK270,Wireless Mouse,2,2024-03-20,90.04,26880,Germany,180.08,2025-06-30 11:54:32.346442
INV1171,STK271,Notebook,26,2024-03-21,71.84,22055,Portugal,1867.84,2025-06-30 11:54:32.346443
INV1172,STK272,Bluetooth Speaker,38,2024-11-12,34.54,53456,Czech Republic,1312.52,2025-06-30 11:54:32.346443
INV1173,STK273,Desk Organizer,37,2024-01-26,16.15,26059,India,597.55,2025-06-30 11:54:32.346444
INV1174,STK274,Wireless Mouse,43,2024-12-11,92.03,15596,Philippines,3957.29,2025-06-30 11:54:32.346445
INV1175,STK275,Ballpoint Pen,2,2024-02-11,33.03,70423,Thailand,66.06,2025-06-30 11:54:32.346445
INV1176,STK276,Laptop Stand,6,2024-05-19,63.39,16637,Czech Republic,380.34,2025-06-30 11:54:32.346446
INV1177,STK277,HDMI Adapter,42,2024-08-14,25.82,32018,Ireland,1084.44,2025-06-30 11:54:32.346446
INV1178,STK278,Water Bottle,28,2024-12-04,17.69,85220,USA,495.32,2025-06-30 11:54:32.346447
INV1179,STK279,Notebook,9,2024-08-05,19.55,66774,Sweden,175.95,2025-06-30 11:54:32.346447
INV1180,STK280,Keyboard,30,2024-09-05,76.03,61773,Italy,2280.9,2025-06-30 11:54:32.346448
INV1181,STK281,Wireless Mouse,12,2024-11-06,62.55,75028,Canada,750.6,2025-06-30 11:54:32.346449
INV1182,STK282,Coffee Mug,4,2024-08-14,44.51,13864,Spain,178.04,2025-06-30 11:54:32.346449
INV1183,STK283,USB-C Cable,17,2024-07-31,57.18,60165,Poland,972.06,2025-06-30 11:54:32.346450
INV1184,STK284,Notebook,25,2024-05-19,49.73,99550,Israel,1243.25,2025-06-30 11:54:32.346450
INV1185,STK285,Wireless Mouse,21,2024-04-20,56.06,65923,Egypt,1177.26,2025-06-30 11:54:32.346451
INV1186,STK286,Earbuds,14,2024-09-19,68.09,32650,Spain,953.26,2025-06-30 11:54:32.346452
INV1187,STK287,Desk Lamp,30,2024-02-28,25.75,56392,China,772.5,2025-06-30 11:54:32.346452
INV1188,STK288,Phone Charger,21,2024-06-25,28.51,38143,South Korea,598.71,2025-06-30 11:54:32.346453
INV1189,STK289,Monitor Riser,22,2024-08-08,76.7,34530,Indonesia,1687.4,2025-06-30 11:54:32.346454
INV1190,STK290,HDMI Adapter,49,2024-02-26,87.95,46042,South Africa,4309.55,2025-06-30 11:54:32.346454
INV1191,STK291,Earbuds,25,2024-05-25,12.78,46681,Canada,319.5,2025-06-30 11:54:32.346455
INV1192,STK292,Power Bank,18,2024-12-13,47.44,68459,Japan,853.92,2025-06-30 11:54:32.346455
INV1193,STK293,Keyboard,49,2024-12-13,71.86,29481,UK,3521.14,2025-06-30 11:54:32.346456
INV1194,STK294,Bluetooth Speaker,27,2024-10-30,12.42,14541,Kenya,335.34,2025-06-30 11:54:32.346457
INV1195,STK295,Phone Charger,17,2024-09-06,58.6,90492,Iran,996.2,2025-06-30 11:54:32.346457
INV1196,STK296,USB-C Cable,6,2024-09-26,10.87,91156,Egypt,65.22,2025-06-30 11:54:32.346458
INV1197,STK297,Notebook,31,2024-12-07,57.03,90868,Indonesia,1767.93,2025-06-30 11:54:32.346458
INV1198,STK298,Bluetooth Speaker,2,2024-06-06,53.02,42215,Mexico,106.04,2025-06-30 11:54:32.346459
INV1199,STK299,Water Bottle,48,2024-01-24,59.41,94840,Ireland,2851.68,2025-06-30 11:54:32.346460
INV1200,STK300,Travel Backpack,35,2024-04-22,19.24,48680,Philippines,673.4,2025-06-30 11:54:32.346460
INV1201,STK301,USB-C Cable,4,2024-07-21,36.17,75390,Israel,144.68,2025-06-30 11:54:32.346462
INV1202,STK302,Desk Organizer,23,2024-11-02,54.43,64000,Austria,1251.89,2025-06-30 11:54:32.346462
INV1203,STK303,Earbuds,15,2024-01-29,16.04,82179,Pakistan,240.6,2025-06-30 11:54:32.346463
INV1204,STK304,Ballpoint Pen,42,2024-01-04,24.51,72787,Finland,1029.42,2025-06-30 11:54:32.346464
INV1205,STK305,Desk Lamp,5,2024-04-14,60.4,17992,Thailand,302.0,2025-06-30 11:54:32.346464
INV1206,STK306,Water Bottle,50,2024-06-03,13.64,21497,India,682.0,2025-06-30 11:54:32.346465
INV1207,STK307,Travel Backpack,42,2024-04-18,53.49,46670,Greece,2246.58,2025-06-30 11:54:32.346465
INV1208,STK308,Wireless Mouse,3,2024-03-11,81.83,60202,USA,245.49,2025-06-30 11:54:32.346465
INV1209,STK309,Laptop Stand,49,2024-05-10,48.08,27987,Sweden,2355.92,2025-06-30 11:54:32.346466
INV1210,STK310,Coffee Mug,2,2024-05-28,53.76,64949,Czech Republic,107.52,2025-06-30 11:54:32.346466
INV1211,STK311,Travel Backpack,16,2024-06-16,48.4,36143,Norway,774.4,2025-06-30 11:54:32.346466
INV1212,STK312,Keyboard,13,2024-03-02,10.48,94233,China,136.24,2025-06-30 11:54:32.346467
INV1213,STK313,Coffee Mug,2,2024-01-04,48.93,78919,South Korea,97.86,2025-06-30 11:54:32.346467
INV1214,STK314,Bluetooth Speaker,40,2024-09-11,81.66,42656,Bangladesh,3266.4,2025-06-30 11:54:32.346468
INV1215,STK315,Desk Lamp,10,2024-08-08,73.71,92674,Saudi Arabia,737.1,2025-06-30 11:54:32.346468
INV1216,STK316,Keyboard,16,2024-03-30,42.62,81258,Greece,681.92,2025-06-30 11:54:32.346468
INV1217,STK317,Laptop Stand,9,2024-03-07,82.56,12559,Netherlands,743.04,2025-06-30 11:54:32.346469
INV1218,STK318,Sticky Notes,31,2024-07-13,75.85,60134,Philippines,2351.35,2025-06-30 11:54:32.346469
INV1219,STK319,Desk Lamp,43,2024-09-29,59.94,57069,Turkey,2577.42,2025-06-30 11:54:32.346469
INV1220,STK320,Earbuds,8,2024-12-26,9.3,72873,India,74.4,2025-06-30 11:54:32.346470
INV1221,STK321,Travel Backpack,37,2024-04-27,37.73,81371,South Korea,1396.01,2025-06-30 11:54:32.346470
INV1222,STK322,HDMI Adapter,14,2024-09-13,11.06,73527,Egypt,154.84,2025-06-30 11:54:32.346470
INV1223,STK323,Phone Charger,30,2024-10-13,99.44,55093,Belgium,2983.2,2025-06-30 11:54:32.346471
INV1224,STK324,Ballpoint Pen,45,2024-12-08,93.79,84141,Singapore,4220.55,2025-06-30 11:54:32.346471
INV1225,STK325,Bluetooth Speaker,17,2024-06-30,11.56,75849,Norway,196.52,2025-06-30 11:54:32.346471
INV1226,STK326,Desk Organizer,50,2024-02-06,93.71,52153,Italy,4685.5,2025-06-30 11:54:32.346472
INV1227,STK327,Sticky Notes,24,2024-07-22,8.01,60905,Egypt,192.24,2025-06-30 11:54:32.346472
INV1228,STK328,Laptop Stand,11,2024-01-22,43.84,45446,France,482.24,2025-06-30 11:54:32.346473
INV1229,STK329,Water Bottle,39,2024-08-11,78.05,33568,USA,3043.95,2025-06-30 11:54:32.346473
INV1230,STK330,Earbuds,39,2024-01-10,77.75,13416,UAE,3032.25,2025-06-30 11:54:32.346473
INV1231,STK331,HDMI Adapter,48,2024-08-23,97.94,51795,Iran,4701.12,2025-06-30 11:54:32.346474
INV1232,STK332,Desk Lamp,46,2024-02-09,66.36,88265,USA,3052.56,2025-06-30 11:54:32.346474
INV1233,STK333,Power Bank,8,2024-06-09,44.93,38707,Singapore,359.44,2025-06-30 11:54:32.346475
INV1234,STK334,Bluetooth Speaker,50,2024-10-21,99.32,13840,Turkey,4966.0,2025-06-30 11:54:32.346475
INV1235,STK335,Desk Lamp,11,2024-08-07,41.34,46822,UK,454.74,2025-06-30 11:54:32.346476
INV1236,STK336,Laptop Stand,20,2024-10-20,87.61,17679,Czech Republic,1752.2,2025-06-30 11:54:32.346476
INV1237,STK337,Coffee Mug,7,2024-07-26,91.14,71824,Greece,637.98,2025-06-30 11:54:32.346476
INV1238,STK338,Monitor Riser,38,2024-12-29,40.69,79393,Ireland,1546.22,2025-06-30 11:54:32.346477
INV1239,STK339,Phone Charger,2,2024-11-23,69.86,56849,Ireland,139.72,2025-06-30 11:54:32.346477
INV1240,STK340,Wireless Mouse,20,2024-08-01,67.87,86544,Egypt,1357.4,2025-06-30 11:54:32.346477
INV1241,STK341,Ballpoint Pen,37,2024-05-28,56.23,40508,South Korea,2080.51,2025-06-30 11:54:32.346478
INV1242,STK342,Water Bottle,44,2024-02-28,67.09,30922,Vietnam,2951.96,2025-06-30 11:54:32.346478
INV1243,STK343,Calendar,25,2024-07-26,38.04,23124,Vietnam,951.0,2025-06-30 11:54:32.346478
INV1244,STK344,Laptop Stand,26,2024-01-11,21.95,42487,Canada,570.7,2025-06-30 11:54:32.346479
INV1245,STK345,Travel Backpack,46,2024-06-15,56.04,96096,Netherlands,2577.84,2025-06-30 11:54:32.346479
INV1246,STK346,Coffee Mug,13,2024-03-28,55.24,41608,Iran,718.12,2025-06-30 11:54:32.346479
INV1247,STK347,Wireless Mouse,5,2024-11-12,74.15,44934,Mexico,370.75,2025-06-30 11:54:32.346480
INV1248,STK348,Bluetooth Speaker,38,2024-08-23,26.16,79951,New Zealand,994.08,2025-06-30 11:54:32.346480
INV1249,STK349,Calendar,45,2024-12-19,5.33,17328,South Africa,239.85,2025-06-30 11:54:32.346481
INV1250,STK350,Earbuds,41,2024-07-04,7.16,38758,Nigeria,293.56,2025-06-30 11:54:32.346481
INV1251,STK351,Flash Drive,16,2024-02-15,33.34,85457,Iraq,533.44,2025-06-30 11:54:32.346481
INV1252,STK352,Notebook,7,2024-08-11,68.98,60911,Czech Republic,482.86,2025-06-30 11:54:32.346482
INV1253,STK353,Power Bank,45,2024-02-24,56.72,56504,Nigeria,2552.4,2025-06-30 11:54:32.346482
INV1254,STK354,USB-C Cable,50,2024-05-04,55.53,32768,Germany,2776.5,2025-06-30 11:54:32.346482
INV1255,STK355,Coffee Mug,20,2024-08-11,83.22,33081,Brazil,1664.4,2025-06-30 11:54:32.346483
INV1256,STK356,Ballpoint Pen,44,2024-10-28,28.51,41005,Finland,1254.44,2025-06-30 11:54:32.346483
INV1257,STK357,Earbuds,39,2024-07-24,37.89,87662,Switzerland,1477.71,2025-06-30 11:54:32.346484
INV1258,STK358,USB-C Cable,8,2024-09-25,31.19,51681,Iraq,249.52,2025-06-30 11:54:32.346484
INV1259,STK359,Flash Drive,37,2024-02-10,94.05,57026,China,3479.85,2025-06-30 11:54:32.346484
INV1260,STK360,Phone Charger,3,2024-07-21,73.88,87537,France,221.64,2025-06-30 11:54:32.346485
INV1261,STK361,Bluetooth Speaker,23,2024-06-07,15.72,13697,Malaysia,361.56,2025-06-30 11:54:32.346485
INV1262,STK362,Bluetooth Speaker,35,2024-06-22,81.9,56095,UK,2866.5,2025-06-30 11:54:32.346486
INV1263,STK363,Power Bank,28,2024-04-23,44.83,84403,Vietnam,1255.24,2025-06-30 11:54:32.346486
INV1264,STK364,Notebook,43,2024-06-19,77.78,83873,Mexico,3344.54,2025-06-30 11:54:32.346486
INV1265,STK365,Desk Organizer,24,2024-03-27,88.96,28625,Russia,2135.04,2025-06-30 11:54:32.346494
INV1266,STK366,Laptop Stand,5,2024-02-09,6.49,83807,Mexico,32.45,2025-06-30 11:54:32.346495
INV1267,STK367,Notebook,33,2024-09-18,24.58,34672,Italy,811.14,2025-06-30 11:54:32.346495
INV1268,STK368,Earbuds,42,2024-11-20,14.59,74517,Spain,612.78,2025-06-30 11:54:32.346495
INV1269,STK369,Coffee Mug,22,2024-02-28,8.19,81057,Italy,180.18,2025-06-30 11:54:32.346496
INV1270,STK370,Phone Charger,1,2024-09-28,61.79,50508,Austria,61.79,2025-06-30 11:54:32.346498
INV1271,STK371,Desk Organizer,27,2024-09-18,71.81,33010,Iraq,1938.87,2025-06-30 11:54:32.346498
INV1272,STK372,Power Bank,32,2024-04-09,9.62,74282,Ireland,307.84,2025-06-30 11:54:32.346499
INV1273,STK373,Keyboard,7,2024-06-27,75.35,14975,UK,527.45,2025-06-30 11:54:32.346499
INV1274,STK374,Desk Lamp,28,2024-06-28,43.22,21830,Poland,1210.16,2025-06-30 11:54:32.346499
INV1275,STK375,Wireless Mouse,24,2024-11-26,27.26,17362,India,654.24,2025-06-30 11:54:32.346500
INV1276,STK376,Travel Backpack,41,2024-03-16,25.64,40490,Netherlands,1051.24,2025-06-30 11:54:32.346500
INV1277,STK377,Power Bank,30,2024-04-30,87.05,88861,Thailand,2611.5,2025-06-30 11:54:32.346501
INV1278,STK378,Notebook,46,2024-02-22,10.36,38679,South Africa,476.56,2025-06-30 11:54:32.346501
INV1279,STK379,Water Bottle,10,2024-03-15,52.87,12612,Pakistan,528.7,2025-06-30 11:54:32.346501
INV1280,STK380,Bluetooth Speaker,28,2024-05-11,32.48,79002,UK,909.44,2025-06-30 11:54:32.346502
INV1281,STK381,Earbuds,12,2024-04-11,82.5,72650,Belgium,990.0,2025-06-30 11:54:32.346502
INV1282,STK382,Keyboard,47,2024-03-29,74.49,10089,Hungary,3501.03,2025-06-30 11:54:32.346502
INV1283,STK383,Desk Organizer,34,2024-11-04,35.3,53481,Egypt,1200.2,2025-06-30 11:54:32.346503
INV1284,STK384,HDMI Adapter,42,2024-03-19,61.8,90495,Portugal,2595.6,2025-06-30 11:54:32.346503
INV1285,STK385,Desk Organizer,18,2024-12-01,68.89,36406,UK,1240.02,2025-06-30 11:54:32.346504
INV1286,STK386,Earbuds,40,2024-02-08,35.46,27103,Thailand,1418.4,2025-06-30 11:54:32.346504
INV1287,STK387,Desk Lamp,35,2024-03-31,33.67,54663,New Zealand,1178.45,2025-06-30 11:54:32.346504
INV1288,STK388,Calendar,50,2024-11-17,18.61,33260,Australia,930.5,2025-06-30 11:54:32.346505
INV1289,STK389,Ballpoint Pen,31,2024-09-09,67.72,52413,Denmark,2099.32,2025-06-30 11:54:32.346505
INV1290,STK390,Desk Organizer,30,2024-08-25,26.0,17806,Philippines,780.0,2025-06-30 11:54:32.346505
INV1291,STK391,Power Bank,28,2024-10-15,33.55,12872,Japan,939.4,2025-06-30 11:54:32.346506
INV1292,STK392,Phone Charger,47,2024-10-23,10.79,29360,Australia,507.13,2025-06-30 11:54:32.346506
INV1293,STK393,Keyboard,38,2024-08-17,95.11,86888,Vietnam,3614.18,2025-06-30 11:54:32.346507
INV1294,STK394,Water Bottle,18,2024-12-14,88.57,28566,Kenya,1594.26,2025-06-30 11:54:32.346507
INV1295,STK395,Flash Drive,21,2024-10-16,91.6,24538,Malaysia,1923.6,2025-06-30 11:54:32.346507
INV1296,STK396,Desk Organizer,16,2024-11-25,64.47,78982,Netherlands,1031.52,2025-06-30 11:54:32.346508
INV1297,STK397,Ballpoint Pen,6,2024-11-21,45.58,57826,Spain,273.48,2025-06-30 11:54:32.346508
INV1298,STK398,USB-C Cable,18,2024-11-15,52.08,19506,Russia,937.44,2025-06-30 11:54:32.346508
INV1299,STK399,Sticky Notes,29,2024-06-14,97.37,58967,Spain,2823.73,2025-06-30 11:54:32.346509
INV1300,STK400,Notebook,16,2024-11-17,94.45,96787,Austria,1511.2,2025-06-30 11:54:32.346509
INV1301,STK401,Keyboard,49,2024-06-10,68.78,61851,Germany,3370.22,2025-06-30 11:54:32.346510
INV1302,STK402,HDMI Adapter,30,2024-03-18,79.65,86810,Norway,2389.5,2025-06-30 11:54:32.346510
INV1303,STK403,Water Bottle,37,2024-08-13,35.28,23242,UK,1305.36,2025-06-30 11:54:32.346510
INV1304,STK404,Desk Organizer,40,2024-02-04,44.55,54113,South Africa,1782.0,2025-06-30 11:54:32.346511
INV1305,STK405,Power Bank,43,2024-08-28,19.18,49552,Kenya,824.74,2025-06-30 11:54:32.346511
INV1306,STK406,Keyboard,25,2024-08-14,40.76,52284,USA,1019.0,2025-06-30 11:54:32.346511
INV1307,STK407,Wireless Mouse,22,2024-11-19,76.67,27884,Egypt,1686.74,2025-06-30 11:54:32.346512
INV1308,STK408,Sticky Notes,2,2024-06-04,49.98,30644,Pakistan,99.96,2025-06-30 11:54:32.346512
INV1309,STK409,Travel Backpack,32,2024-05-20,85.69,67261,Netherlands,2742.08,2025-06-30 11:54:32.346513
INV1310,STK410,Ballpoint Pen,21,2024-10-29,33.57,93789,Malaysia,704.97,2025-06-30 11:54:32.346513
INV1311,STK411,Wireless Mouse,12,2024-01-29,72.22,73858,New Zealand,866.64,2025-06-30 11:54:32.346514
INV1312,STK412,Flash Drive,32,2024-06-29,81.55,95089,Philippines,2609.6,2025-06-30 11:54:32.346514
INV1313,STK413,Power Bank,14,2024-09-16,91.9,51586,South Korea,1286.6,2025-06-30 11:54:32.346514
INV1314,STK414,Flash Drive,23,2024-02-07,58.43,32833,Belgium,1343.89,2025-06-30 11:54:32.346515
INV1315,STK415,Coffee Mug,17,2024-06-07,96.94,83659,USA,1647.98,2025-06-30 11:54:32.346515
INV1316,STK416,Phone Charger,22,2024-08-24,57.94,90440,Turkey,1274.68,2025-06-30 11:54:32.346516
INV1317,STK417,USB-C Cable,18,2024-08-19,17.74,56769,Norway,319.32,2025-06-30 11:54:32.346516
INV1318,STK418,Desk Organizer,39,2024-01-20,28.07,39260,Hungary,1094.73,2025-06-30 11:54:32.346516
INV1319,STK419,Travel Backpack,45,2024-01-30,24.32,97232,Belgium,1094.4,2025-06-30 11:54:32.346517
INV1320,STK420,Desk Lamp,18,2024-07-07,66.44,87194,Switzerland,1195.92,2025-06-30 11:54:32.346517
INV1321,STK421,Sticky Notes,36,2024-05-26,92.61,32983,New Zealand,3333.96,2025-06-30 11:54:32.346518
INV1322,STK422,Earbuds,1,2024-02-09,85.48,59595,Iran,85.48,2025-06-30 11:54:32.346518
INV1323,STK423,Desk Organizer,34,2024-11-26,13.78,50215,Malaysia,468.52,2025-06-30 11:54:32.346518
INV1324,STK424,Notebook,13,2024-02-16,73.84,48602,Norway,959.92,2025-06-30 11:54:32.346519
INV1325,STK425,Flash Drive,6,2024-11-10,23.1,26691,Nigeria,138.6,2025-06-30 11:54:32.346519
INV1326,STK426,HDMI Adapter,16,2024-10-31,30.5,33292,Iran,488.0,2025-06-30 11:54:32.346519
INV1327,STK427,Phone Charger,47,2024-09-16,69.0,10235,India,3243.0,2025-06-30 11:54:32.346520
INV1328,STK428,Monitor Riser,27,2024-07-15,62.28,85082,Switzerland,1681.56,2025-06-30 11:54:32.346520
INV1329,STK429,Phone Charger,32,2024-08-24,87.99,61327,Spain,2815.68,2025-06-30 11:54:32.346521
INV1330,STK430,Laptop Stand,36,2024-10-24,22.88,84381,Italy,823.68,2025-06-30 11:54:32.346521
INV1331,STK431,Laptop Stand,49,2024-10-10,77.36,14244,South Korea,3790.64,2025-06-30 11:54:32.346521
INV1332,STK432,Sticky Notes,16,2024-01-22,73.81,33865,Italy,1180.96,2025-06-30 11:54:32.346522
INV1333,STK433,USB-C Cable,45,2024-08-18,58.09,88956,Switzerland,2614.05,2025-06-30 11:54:32.346522
INV1334,STK434,Bluetooth Speaker,31,2024-10-19,50.54,51709,USA,1566.74,2025-06-30 11:54:32.346522
INV1335,STK435,Notebook,42,2024-11-29,87.6,90134,Switzerland,3679.2,2025-06-30 11:54:32.346523
INV1336,STK436,Ballpoint Pen,46,2024-04-06,36.63,38953,Russia,1684.98,2025-06-30 11:54:32.346523
INV1337,STK437,Bluetooth Speaker,32,2024-06-13,95.92,93839,UAE,3069.44,2025-06-30 11:54:32.346523
INV1338,STK438,Desk Lamp,29,2024-11-05,6.46,84127,Hungary,187.34,2025-06-30 11:54:32.346524
INV1339,STK439,Laptop Stand,2,2024-08-31,94.03,23645,Argentina,188.06,2025-06-30 11:54:32.346524
INV1340,STK440,Earbuds,6,2024-09-13,96.4,75035,Iraq,578.4,2025-06-30 11:54:32.346525
INV1341,STK441,Desk Lamp,19,2024-03-18,16.15,28434,Finland,306.85,2025-06-30 11:54:32.346525
INV1342,STK442,Laptop Stand,15,2024-02-01,99.96,53406,South Korea,1499.4,2025-06-30 11:54:32.346525
INV1343,STK443,Bluetooth Speaker,26,2024-08-18,50.5,20198,Egypt,1313.0,2025-06-30 11:54:32.346526
INV1344,STK444,Calendar,45,2024-02-22,28.05,41194,Brazil,1262.25,2025-06-30 11:54:32.346526
INV1345,STK445,Travel Backpack,16,2024-06-24,62.42,55457,Sweden,998.72,2025-06-30 11:54:32.346526
INV1346,STK446,Earbuds,20,2024-12-31,24.43,51879,Brazil,488.6,2025-06-30 11:54:32.346527
INV1347,STK447,Sticky Notes,43,2024-02-13,91.94,32005,Saudi Arabia,3953.42,2025-06-30 11:54:32.346527
INV1348,STK448,Flash Drive,38,2024-09-15,57.45,93386,South Africa,2183.1,2025-06-30 11:54:32.346528
INV1349,STK449,Calendar,24,2024-11-26,78.67,21629,South Korea,1888.08,2025-06-30 11:54:32.346540
INV1350,STK450,Water Bottle,31,2024-03-29,41.16,97821,UAE,1275.96,2025-06-30 11:54:32.346541
INV1351,STK451,Bluetooth Speaker,36,2024-01-21,55.7,93768,Colombia,2005.2,2025-06-30 11:54:32.346541
INV1352,STK452,Power Bank,34,2024-05-06,39.13,54007,Malaysia,1330.42,2025-06-30 11:54:32.346542
INV1353,STK453,Coffee Mug,23,2024-12-28,29.85,68540,Iran,686.55,2025-06-30 11:54:32.346542
INV1354,STK454,Flash Drive,28,2024-08-12,53.72,11493,Denmark,1504.16,2025-06-30 11:54:32.346543
INV1355,STK455,USB-C Cable,48,2024-08-12,52.24,44761,Turkey,2507.52,2025-06-30 11:54:32.346543
INV1356,STK456,Wireless Mouse,36,2024-09-25,14.37,37483,Czech Republic,517.32,2025-06-30 11:54:32.346544
INV1357,STK457,Desk Lamp,22,2024-09-24,98.23,42707,South Africa,2161.06,2025-06-30 11:54:32.346544
INV1358,STK458,Earbuds,23,2024-11-08,49.6,18885,Colombia,1140.8,2025-06-30 11:54:32.346544
INV1359,STK459,USB-C Cable,45,2024-03-22,84.77,55938,Argentina,3814.65,2025-06-30 11:54:32.346545
INV1360,STK460,Keyboard,30,2024-07-05,91.86,43640,New Zealand,2755.8,2025-06-30 11:54:32.346545
INV1361,STK461,Bluetooth Speaker,18,2024-07-09,40.22,24160,Mexico,723.96,2025-06-30 11:54:32.346545
INV1362,STK462,Power Bank,20,2024-05-24,44.32,10167,Bangladesh,886.4,2025-06-30 11:54:32.346546
INV1363,STK463,Desk Organizer,17,2024-07-17,58.44,16310,China,993.48,2025-06-30 11:54:32.346546
INV1364,STK464,Monitor Riser,15,2024-07-28,26.02,60585,Czech Republic,390.3,2025-06-30 11:54:32.346547
INV1365,STK465,Power Bank,8,2024-06-22,18.86,67438,India,150.88,2025-06-30 11:54:32.346547
INV1366,STK466,Bluetooth Speaker,47,2024-12-13,29.77,65004,Spain,1399.19,2025-06-30 11:54:32.346547
INV1367,STK467,Flash Drive,13,2024-11-02,93.8,31802,Saudi Arabia,1219.4,2025-06-30 11:54:32.346548
INV1368,STK468,Water Bottle,21,2024-01-27,60.02,64266,Ireland,1260.42,2025-06-30 11:54:32.346548
INV1369,STK469,Sticky Notes,8,2024-11-19,44.67,74629,Italy,357.36,2025-06-30 11:54:32.346548
INV1370,STK470,Bluetooth Speaker,48,2024-11-27,19.48,59638,Belgium,935.04,2025-06-30 11:54:32.346549
INV1371,STK471,USB-C Cable,35,2024-06-20,36.34,56036,China,1271.9,2025-06-30 11:54:32.346549
INV1372,STK472,HDMI Adapter,49,2024-02-03,41.08,81568,Iran,2012.92,2025-06-30 11:54:32.346550
INV1373,STK473,USB-C Cable,45,2024-06-17,84.17,59197,Bangladesh,3787.65,2025-06-30 11:54:32.346550
INV1374,STK474,Desk Lamp,12,2024-02-18,52.43,23294,France,629.16,2025-06-30 11:54:32.346551
INV1375,STK475,Sticky Notes,13,2024-10-12,67.19,72847,Germany,873.47,2025-06-30 11:54:32.346551
INV1376,STK476,Laptop Stand,14,2024-12-13,70.06,85766,Saudi Arabia,980.84,2025-06-30 11:54:32.346551
INV1377,STK477,Laptop Stand,48,2024-07-16,29.45,95323,Sweden,1413.6,2025-06-30 11:54:32.346552
INV1378,STK478,Coffee Mug,31,2024-05-25,83.05,39567,Thailand,2574.55,2025-06-30 11:54:32.346552
INV1379,STK479,Desk Organizer,18,2024-05-09,96.82,31319,Kenya,1742.76,2025-06-30 11:54:32.346552
INV1380,STK480,Travel Backpack,47,2024-12-02,65.96,69151,South Korea,3100.12,2025-06-30 11:54:32.346553
INV1381,STK481,Desk Lamp,38,2024-11-04,51.61,19661,Argentina,1961.18,2025-06-30 11:54:32.346553
INV1382,STK482,Desk Lamp,49,2024-03-17,20.98,14379,Australia,1028.02,2025-06-30 11:54:32.346554
INV1383,STK483,Sticky Notes,34,2024-06-19,80.52,48654,Australia,2737.68,2025-06-30 11:54:32.346554
INV1384,STK484,Coffee Mug,39,2024-02-11,21.08,12631,Iraq,822.12,2025-06-30 11:54:32.346554
INV1385,STK485,Calendar,19,2024-10-25,73.43,51774,Spain,1395.17,2025-06-30 11:54:32.346555
INV1386,STK486,Ballpoint Pen,7,2024-12-05,51.39,44226,Ireland,359.73,2025-06-30 11:54:32.346555
INV1387,STK487,Desk Organizer,13,2024-03-13,92.11,23726,Finland,1197.43,2025-06-30 11:54:32.346555
INV1388,STK488,Desk Organizer,19,2024-06-28,56.5,19725,UK,1073.5,2025-06-30 11:54:32.346556
INV1389,STK489,Monitor Riser,15,2024-06-07,65.97,54801,Russia,989.55,2025-06-30 11:54:32.346556
INV1390,STK490,Laptop Stand,24,2024-12-01,10.58,32296,Indonesia,253.92,2025-06-30 11:54:32.346556
INV1391,STK491,Calendar,12,2024-12-23,8.21,59212,Ireland,98.52,2025-06-30 11:54:32.346557
INV1392,STK492,Power Bank,20,2024-12-05,85.44,31090,Argentina,1708.8,2025-06-30 11:54:32.346557
INV1393,STK493,Keyboard,1,2024-07-19,94.79,19830,South Korea,94.79,2025-06-30 11:54:32.346558
INV1394,STK494,Monitor Riser,46,2024-03-07,68.48,81702,Australia,3150.08,2025-06-30 11:54:32.346558
INV1395,STK495,Laptop Stand,35,2024-10-31,77.61,22203,Argentina,2716.35,2025-06-30 11:54:32.346558
INV1396,STK496,Ballpoint Pen,9,2024-12-28,44.18,54295,Iraq,397.62,2025-06-30 11:54:32.346559
INV1397,STK497,Ballpoint Pen,18,2024-02-13,85.04,87860,Bangladesh,1530.72,2025-06-30 11:54:32.346559
INV1398,STK498,Desk Organizer,3,2024-06-07,26.99,90431,India,80.97,2025-06-30 11:54:32.346560
INV1399,STK499,Travel Backpack,4,2024-10-13,72.18,73273,Pakistan,288.72,2025-06-30 11:54:32.346560
INV1400,STK500,Sticky Notes,36,2024-07-11,5.87,14062,Ireland,211.32,2025-06-30 11:54:32.346560
INV1401,STK501,Phone Charger,19,2024-11-25,53.04,66534,Argentina,1007.76,2025-06-30 11:54:32.346570
INV1402,STK502,Ballpoint Pen,45,2024-06-17,40.45,95673,Iran,1820.25,2025-06-30 11:54:32.346570
INV1403,STK503,Desk Organizer,9,2024-03-06,63.69,31626,Brazil,573.21,2025-06-30 11:54:32.346570
INV1404,STK504,Flash Drive,41,2024-12-09,68.34,89602,Switzerland,2801.94,2025-06-30 11:54:32.346571
INV1405,STK505,Keyboard,49,2024-12-25,63.57,66911,Norway,3114.93,2025-06-30 11:54:32.346571
INV1406,STK506,Power Bank,32,2024-12-16,50.9,30591,Singapore,1628.8,2025-06-30 11:54:32.346572
INV1407,STK507,Phone Charger,7,2024-09-26,51.35,17019,Iraq,359.45,2025-06-30 11:54:32.346572
INV1408,STK508,Desk Organizer,1,2024-02-17,5.63,23272,UAE,5.63,2025-06-30 11:54:32.346572
INV1409,STK509,Phone Charger,37,2024-11-26,57.41,53397,Switzerland,2124.17,2025-06-30 11:54:32.346573
INV1410,STK510,Power Bank,19,2024-12-09,6.13,36941,Italy,116.47,2025-06-30 11:54:32.346573
INV1411,STK511,Monitor Riser,31,2024-08-04,55.29,34901,Israel,1713.99,2025-06-30 11:54:32.346573
INV1412,STK512,Monitor Riser,31,2024-09-17,31.1,63645,UAE,964.1,2025-06-30 11:54:32.346574
INV1413,STK513,Phone Charger,29,2024-07-04,97.86,82628,UK,2837.94,2025-06-30 11:54:32.346574
INV1414,STK514,Flash Drive,22,2024-01-10,6.63,80795,Greece,145.86,2025-06-30 11:54:32.346574
INV1415,STK515,Coffee Mug,12,2024-07-04,82.25,44768,USA,987.0,2025-06-30 11:54:32.346575
INV1416,STK516,Calendar,4,2024-06-07,69.03,96585,France,276.12,2025-06-30 11:54:32.346575
INV1417,STK517,Desk Organizer,17,2024-04-02,81.59,46899,Australia,1387.03,2025-06-30 11:54:32.346576
INV1418,STK518,Desk Lamp,31,2024-04-19,91.43,48980,Malaysia,2834.33,2025-06-30 11:54:32.346576
INV1419,STK519,Travel Backpack,8,2024-06-23,15.17,41135,Colombia,121.36,2025-06-30 11:54:32.346576
INV1420,STK520,Desk Organizer,5,2024-09-05,14.15,22571,Iran,70.75,2025-06-30 11:54:32.346577
INV1421,STK521,Water Bottle,26,2024-04-08,19.15,16505,Nigeria,497.9,2025-06-30 11:54:32.346577
INV1422,STK522,Power Bank,32,2024-04-25,23.23,61498,Austria,743.36,2025-06-30 11:54:32.346577
INV1423,STK523,Keyboard,5,2024-03-11,55.01,84943,Egypt,275.05,2025-06-30 11:54:32.346578
INV1424,STK524,Keyboard,37,2024-03-20,82.45,82045,Hungary,3050.65,2025-06-30 11:54:32.346578
INV1425,STK525,Travel Backpack,41,2024-02-09,30.4,74349,Spain,1246.4,2025-06-30 11:54:32.346579
INV1426,STK526,Wireless Mouse,44,2024-05-31,42.71,30131,Italy,1879.24,2025-06-30 11:54:32.346579
INV1427,STK527,Bluetooth Speaker,4,2024-02-21,40.44,17144,Italy,161.76,2025-06-30 11:54:32.346579
INV1428,STK528,HDMI Adapter,10,2024-09-16,43.57,57294,India,435.7,2025-06-30 11:54:32.346580
INV1429,STK529,Flash Drive,10,2024-10-03,58.68,10500,Saudi Arabia,586.8,2025-06-30 11:54:32.346580
INV1430,STK530,Wireless Mouse,37,2024-09-26,99.07,66047,Vietnam,3665.59,2025-06-30 11:54:32.346580
INV1431,STK531,Sticky Notes,20,2024-01-20,26.46,21485,Australia,529.2,2025-06-30 11:54:32.346581
INV1432,STK532,Notebook,6,2024-12-04,69.98,48607,Russia,419.88,2025-06-30 11:54:32.346581
INV1433,STK533,HDMI Adapter,16,2024-06-21,85.55,96772,Saudi Arabia,1368.8,2025-06-30 11:54:32.346582
INV1434,STK534,Wireless Mouse,8,2024-11-12,67.1,91931,Switzerland,536.8,2025-06-30 11:54:32.346582
INV1435,STK535,HDMI Adapter,36,2024-03-08,86.53,88671,USA,3115.08,2025-06-30 11:54:32.346582
INV1436,STK536,Coffee Mug,49,2024-11-01,77.16,72957,France,3780.84,2025-06-30 11:54:32.346588
INV1437,STK537,Desk Lamp,27,2024-07-11,13.88,36171,Mexico,374.76,2025-06-30 11:54:32.346589
INV1438,STK538,Phone Charger,39,2024-03-19,41.03,22712,France,1600.17,2025-06-30 11:54:32.346589
INV1439,STK539,Wireless Mouse,39,2024-03-24,57.51,13373,Canada,2242.89,2025-06-30 11:54:32.346589
INV1440,STK540,Water Bottle,40,2024-04-02,10.33,37125,Thailand,413.2,2025-06-30 11:54:32.346590
INV1441,STK541,Desk Organizer,15,2024-12-20,5.9,32391,China,88.5,2025-06-30 11:54:32.346590
INV1442,STK542,Sticky Notes,50,2024-11-15,21.28,93648,Mexico,1064.0,2025-06-30 11:54:32.346590
INV1443,STK543,Desk Organizer,34,2024-03-25,52.49,48248,Spain,1784.66,2025-06-30 11:54:32.346591
INV1444,STK544,Calendar,25,2024-08-12,46.22,20739,Colombia,1155.5,2025-06-30 11:54:32.346591
INV1445,STK545,Calendar,29,2024-01-23,79.52,72071,Bangladesh,2306.08,2025-06-30 11:54:32.346592
INV1446,STK546,Notebook,29,2024-07-29,58.76,25139,South Africa,1704.04,2025-06-30 11:54:32.346592
INV1447,STK547,Laptop Stand,20,2024-07-05,86.51,50416,Mexico,1730.2,2025-06-30 11:54:32.346592
INV1448,STK548,Bluetooth Speaker,38,2024-12-12,14.06,62096,Finland,534.28,2025-06-30 11:54:32.346593
INV1449,STK549,Keyboard,28,2024-05-01,55.18,71727,Portugal,1545.04,2025-06-30 11:54:32.346593
INV1450,STK550,Power Bank,20,2024-08-15,9.04,74106,India,180.8,2025-06-30 11:54:32.346593
INV1451,STK551,Notebook,37,2024-11-08,25.08,96643,Italy,927.96,2025-06-30 11:54:32.346594
INV1452,STK552,Notebook,40,2024-05-25,87.47,44734,Australia,3498.8,2025-06-30 11:54:32.346594
INV1453,STK553,Water Bottle,4,2024-08-17,89.32,21945,Finland,357.28,2025-06-30 11:54:32.346595
INV1454,STK554,Power Bank,40,2024-04-29,50.17,94130,Netherlands,2006.8,2025-06-30 11:54:32.346595
INV1455,STK555,Calendar,48,2024-09-30,9.42,81319,Canada,452.16,2025-06-30 11:54:32.346595
INV1456,STK556,Coffee Mug,7,2024-05-02,12.06,60793,Canada,84.42,2025-06-30 11:54:32.346596
INV1457,STK557,Coffee Mug,49,2024-06-07,92.93,34232,Australia,4553.57,2025-06-30 11:54:32.346597
INV1458,STK558,Water Bottle,14,2024-08-28,90.43,58630,Iraq,1266.02,2025-06-30 11:54:32.346597
INV1459,STK559,HDMI Adapter,41,2024-04-09,58.53,59996,Kenya,2399.73,2025-06-30 11:54:32.346598
INV1460,STK560,USB-C Cable,14,2024-07-07,8.13,58418,Nigeria,113.82,2025-06-30 11:54:32.346598
INV1461,STK561,Calendar,17,2024-12-13,93.23,34455,Greece,1584.91,2025-06-30 11:54:32.346598
INV1462,STK562,Travel Backpack,43,2024-10-19,34.88,68428,Norway,1499.84,2025-06-30 11:54:32.346599
INV1463,STK563,Calendar,6,2024-08-13,96.34,15848,Brazil,578.04,2025-06-30 11:54:32.346599
INV1464,STK564,Desk Lamp,11,2024-08-24,60.77,44510,Nigeria,668.47,2025-06-30 11:54:32.346600
INV1465,STK565,USB-C Cable,16,2024-05-24,76.46,67637,Colombia,1223.36,2025-06-30 11:54:32.346600
INV1466,STK566,Phone Charger,12,2024-07-14,72.71,70956,Saudi Arabia,872.52,2025-06-30 11:54:32.346600
INV1467,STK567,Earbuds,36,2024-09-14,42.84,44524,Philippines,1542.24,2025-06-30 11:54:32.346601
INV1468,STK568,Ballpoint Pen,5,2024-09-27,12.31,39654,France,61.55,2025-06-30 11:54:32.346601
INV1469,STK569,Earbuds,11,2024-08-02,20.43,45200,Iran,224.73,2025-06-30 11:54:32.346601
INV1470,STK570,Calendar,1,2024-03-23,27.84,83956,Greece,27.84,2025-06-30 11:54:32.346602
INV1471,STK571,Laptop Stand,27,2024-04-12,84.29,18079,Pakistan,2275.83,2025-06-30 11:54:32.346603
INV1472,STK572,Flash Drive,29,2024-11-05,41.97,29808,Finland,1217.13,2025-06-30 11:54:32.346603
INV1473,STK573,HDMI Adapter,45,2024-03-11,90.17,97486,Saudi Arabia,4057.65,2025-06-30 11:54:32.346603
INV1474,STK574,Bluetooth Speaker,39,2024-05-08,36.51,22675,Nigeria,1423.89,2025-06-30 11:54:32.346604
INV1475,STK575,Calendar,31,2024-01-27,76.78,21233,India,2380.18,2025-06-30 11:54:32.346604
INV1476,STK576,Travel Backpack,19,2024-11-24,18.3,97574,Iraq,347.7,2025-06-30 11:54:32.346604
INV1477,STK577,USB-C Cable,3,2024-09-03,98.91,55061,Vietnam,296.73,2025-06-30 11:54:32.346605
INV1478,STK578,Bluetooth Speaker,15,2024-07-09,73.8,80968,UAE,1107.0,2025-06-30 11:54:32.346605
INV1479,STK579,Phone Charger,19,2024-10-10,52.58,64262,Russia,999.02,2025-06-30 11:54:32.346606
INV1480,STK580,Power Bank,46,2024-02-22,97.56,87296,Norway,4487.76,2025-06-30 11:54:32.346606
INV1481,STK581,Monitor Riser,19,2024-12-30,10.1,39820,Indonesia,191.9,2025-06-30 11:54:32.346606
INV1482,STK582,Monitor Riser,45,2024-09-21,46.52,82561,Italy,2093.4,2025-06-30 11:54:32.346607
INV1483,STK583,Laptop Stand,30,2024-03-04,84.67,17993,Mexico,2540.1,2025-06-30 11:54:32.346607
INV1484,STK584,Coffee Mug,5,2024-05-25,37.36,60738,France,186.8,2025-06-30 11:54:32.346607
INV1485,STK585,Flash Drive,44,2024-02-12,78.06,78495,Saudi Arabia,3434.64,2025-06-30 11:54:32.346608
INV1486,STK586,Wireless Mouse,15,2024-03-23,95.71,64870,Australia,1435.65,2025-06-30 11:54:32.346608
INV1487,STK587,Travel Backpack,17,2024-05-19,42.69,80190,Bangladesh,725.73,2025-06-30 11:54:32.346609
INV1488,STK588,Bluetooth Speaker,41,2024-08-18,78.49,72236,Malaysia,3218.09,2025-06-30 11:54:32.346609
INV1489,STK589,HDMI Adapter,38,2024-09-19,7.81,85066,Brazil,296.78,2025-06-30 11:54:32.346609
INV1490,STK590,Sticky Notes,43,2024-03-16,30.97,40886,Brazil,1331.71,2025-06-30 11:54:32.346610
INV1491,STK591,Bluetooth Speaker,13,2024-08-11,99.3,72424,Ireland,1290.9,2025-06-30 11:54:32.346610
INV1492,STK592,Phone Charger,28,2024-02-16,51.61,49171,Russia,1445.08,2025-06-30 11:54:32.346610
INV1493,STK593,Desk Organizer,8,2024-04-23,38.8,20348,Pakistan,310.4,2025-06-30 11:54:32.346611
INV1494,STK594,Calendar,35,2024-08-18,94.41,61747,South Korea,3304.35,2025-06-30 11:54:32.346611
INV1495,STK595,Notebook,15,2024-06-27,46.03,14551,Kenya,690.45,2025-06-30 11:54:32.346612
INV1496,STK596,Phone Charger,42,2024-01-14,69.57,75811,Iran,2921.94,2025-06-30 11:54:32.346612
INV1497,STK597,Sticky Notes,10,2024-07-31,67.76,84870,India,677.6,2025-06-30 11:54:32.346612
INV1498,STK598,Coffee Mug,18,2024-01-28,13.14,77740,Egypt,236.52,2025-06-30 11:54:32.346613
INV1499,STK599,Notebook,10,2024-07-21,63.77,84905,Thailand,637.7,2025-06-30 11:54:32.346613
INV1500,STK600,Bluetooth Speaker,5,2024-09-14,80.82,98805,Mexico,404.1,2025-06-30 11:54:32.346613
INV1501,STK601,Travel Backpack,4,2024-07-10,72.75,91300,UAE,291.0,2025-06-30 11:54:32.346614
INV1502,STK602,Keyboard,11,2024-04-30,12.79,29326,Finland,140.69,2025-06-30 11:54:32.346614
INV1503,STK603,Flash Drive,20,2024-07-16,19.65,25765,Malaysia,393.0,2025-06-30 11:54:32.346615
INV1504,STK604,Calendar,39,2024-02-11,72.61,68856,Switzerland,2831.79,2025-06-30 11:54:32.346615
INV1505,STK605,Sticky Notes,48,2024-07-10,65.22,32659,Netherlands,3130.56,2025-06-30 11:54:32.346615
INV1506,STK606,USB-C Cable,37,2024-04-24,75.27,31910,Finland,2784.99,2025-06-30 11:54:32.346616
INV1507,STK607,Coffee Mug,19,2024-01-15,35.08,37772,UAE,666.52,2025-06-30 11:54:32.346616
INV1508,STK608,Monitor Riser,29,2024-06-12,15.12,35260,Russia,438.48,2025-06-30 11:54:32.346616
INV1509,STK609,HDMI Adapter,8,2024-02-20,5.49,26539,Iran,43.92,2025-06-30 11:54:32.346617
INV1510,STK610,Travel Backpack,30,2024-12-31,34.29,15593,Netherlands,1028.7,2025-06-30 11:54:32.346617
INV1511,STK611,Notebook,45,2024-11-28,39.19,65492,China,1763.55,2025-06-30 11:54:32.346618
INV1512,STK612,Notebook,20,2024-06-20,30.63,20271,Russia,612.6,2025-06-30 11:54:32.346618
INV1513,STK613,Phone Charger,45,2024-03-15,17.59,99538,Switzerland,791.55,2025-06-30 11:54:32.346618
INV1514,STK614,USB-C Cable,26,2024-03-11,22.8,67067,Brazil,592.8,2025-06-30 11:54:32.346619
INV1515,STK615,Earbuds,18,2024-01-20,47.64,36465,Argentina,857.52,2025-06-30 11:54:32.346619
INV1516,STK616,Calendar,33,2024-05-26,57.7,92211,Argentina,1904.1,2025-06-30 11:54:32.346620
INV1517,STK617,Bluetooth Speaker,35,2024-08-29,43.76,29382,Mexico,1531.6,2025-06-30 11:54:32.346620
INV1518,STK618,Desk Organizer,32,2024-12-22,7.49,87994,Italy,239.68,2025-06-30 11:54:32.346620
INV1519,STK619,Travel Backpack,29,2024-03-12,38.62,43801,Turkey,1119.98,2025-06-30 11:54:32.346621
INV1520,STK620,Water Bottle,6,2024-12-27,13.84,51910,South Korea,83.04,2025-06-30 11:54:32.346621
INV1521,STK621,USB-C Cable,39,2024-08-28,61.81,18783,Brazil,2410.59,2025-06-30 11:54:32.346622
INV1522,STK622,Travel Backpack,3,2024-08-17,35.82,21406,Canada,107.46,2025-06-30 11:54:32.346622
INV1523,STK623,Sticky Notes,28,2024-11-11,41.6,60868,Iran,1164.8,2025-06-30 11:54:32.346623
INV1524,STK624,Monitor Riser,48,2024-01-03,32.73,82923,Finland,1571.04,2025-06-30 11:54:32.346623
INV1525,STK625,Notebook,21,2024-02-10,41.84,62082,Israel,878.64,2025-06-30 11:54:32.346623
INV1526,STK626,Notebook,39,2024-01-10,13.05,82358,Japan,508.95,2025-06-30 11:54:32.346624
INV1527,STK627,Earbuds,17,2024-05-11,90.61,52746,Italy,1540.37,2025-06-30 11:54:32.346624
INV1528,STK628,Desk Organizer,2,2024-04-20,90.99,46202,Israel,181.98,2025-06-30 11:54:32.346624
INV1529,STK629,Desk Lamp,6,2024-03-17,97.93,78116,Mexico,587.58,2025-06-30 11:54:32.346625
INV1530,STK630,Earbuds,15,2024-10-07,59.34,70051,Pakistan,890.1,2025-06-30 11:54:32.346625
INV1531,STK631,Travel Backpack,44,2024-11-07,21.11,11620,Finland,928.84,2025-06-30 11:54:32.346626
INV1532,STK632,Calendar,37,2024-09-27,41.17,91665,Norway,1523.29,2025-06-30 11:54:32.346626
INV1533,STK633,Desk Lamp,38,2024-08-04,18.19,87014,Germany,691.22,2025-06-30 11:54:32.346626
INV1534,STK634,Desk Organizer,2,2024-02-26,33.61,78493,Bangladesh,67.22,2025-06-30 11:54:32.346627
INV1535,STK635,Flash Drive,49,2024-05-27,51.85,64997,Netherlands,2540.65,2025-06-30 11:54:32.346627
INV1536,STK636,Sticky Notes,44,2024-05-01,11.01,24748,Ireland,484.44,2025-06-30 11:54:32.346627
INV1537,STK637,Coffee Mug,18,2024-06-03,46.29,64321,Singapore,833.22,2025-06-30 11:54:32.346628
INV1538,STK638,Coffee Mug,37,2024-03-03,45.0,29613,Australia,1665.0,2025-06-30 11:54:32.346628
INV1539,STK639,USB-C Cable,3,2024-01-25,51.0,29424,New Zealand,153.0,2025-06-30 11:54:32.346629
INV1540,STK640,Water Bottle,49,2024-05-02,12.31,84264,Netherlands,603.19,2025-06-30 11:54:32.346629
INV1541,STK641,Monitor Riser,49,2024-08-02,28.91,87061,China,1416.59,2025-06-30 11:54:32.346629
INV1542,STK642,Phone Charger,12,2024-11-23,28.43,86372,Denmark,341.16,2025-06-30 11:54:32.346630
INV1543,STK643,Calendar,31,2024-11-14,64.38,23133,Spain,1995.78,2025-06-30 11:54:32.346630
INV1544,STK644,USB-C Cable,34,2024-08-22,61.41,23845,Thailand,2087.94,2025-06-30 11:54:32.346630
INV1545,STK645,Laptop Stand,42,2024-02-02,23.58,83752,Austria,990.36,2025-06-30 11:54:32.346631
INV1546,STK646,Monitor Riser,29,2024-02-26,15.16,23237,Finland,439.64,2025-06-30 11:54:32.346631
INV1547,STK647,Monitor Riser,18,2024-09-12,33.94,47498,Belgium,610.92,2025-06-30 11:54:32.346632
INV1548,STK648,Power Bank,12,2024-11-01,95.14,80206,Switzerland,1141.68,2025-06-30 11:54:32.346632
INV1549,STK649,Power Bank,38,2024-10-01,36.56,55071,Egypt,1389.28,2025-06-30 11:54:32.346632
INV1550,STK650,Desk Lamp,28,2024-01-09,63.92,63856,Brazil,1789.76,2025-06-30 11:54:32.346633
INV1551,STK651,Phone Charger,41,2024-11-19,81.39,44620,Japan,3336.99,2025-06-30 11:54:32.346633
INV1552,STK652,Power Bank,32,2024-09-20,36.31,60206,Czech Republic,1161.92,2025-06-30 11:54:32.346633
INV1553,STK653,Flash Drive,6,2024-10-21,36.8,95824,Colombia,220.8,2025-06-30 11:54:32.346634
INV1554,STK654,Wireless Mouse,31,2024-05-03,82.47,73646,New Zealand,2556.57,2025-06-30 11:54:32.346634
INV1555,STK655,HDMI Adapter,23,2024-03-14,86.65,84976,Colombia,1992.95,2025-06-30 11:54:32.346634
INV1556,STK656,Ballpoint Pen,27,2024-05-29,97.55,89817,China,2633.85,2025-06-30 11:54:32.346635
INV1557,STK657,Power Bank,22,2024-08-07,17.93,72003,UAE,394.46,2025-06-30 11:54:32.346635
INV1558,STK658,Flash Drive,21,2024-01-01,35.46,14910,Singapore,744.66,2025-06-30 11:54:32.346636
INV1559,STK659,Keyboard,43,2024-11-10,94.99,32570,Spain,4084.57,2025-06-30 11:54:32.346636
INV1560,STK660,Flash Drive,7,2024-06-29,24.08,46099,Australia,168.56,2025-06-30 11:54:32.346636
INV1561,STK661,Notebook,11,2024-05-03,34.85,62818,Portugal,383.35,2025-06-30 11:54:32.346637
INV1562,STK662,Keyboard,22,2024-10-19,96.63,28855,Mexico,2125.86,2025-06-30 11:54:32.346637
INV1563,STK663,Bluetooth Speaker,27,2024-08-01,97.03,91034,France,2619.81,2025-06-30 11:54:32.346637
INV1564,STK664,Coffee Mug,45,2024-04-05,32.69,89777,Italy,1471.05,2025-06-30 11:54:32.346638
INV1565,STK665,Desk Lamp,32,2024-12-06,71.02,99235,Portugal,2272.64,2025-06-30 11:54:32.346638
INV1566,STK666,Power Bank,19,2024-12-08,51.65,62654,Thailand,981.35,2025-06-30 11:54:32.346639
INV1567,STK667,Notebook,43,2024-02-13,59.71,15083,Israel,2567.53,2025-06-30 11:54:32.346639
INV1568,STK668,USB-C Cable,26,2024-09-25,28.03,61877,Singapore,728.78,2025-06-30 11:54:32.346639
INV1569,STK669,Laptop Stand,49,2024-07-03,40.73,53449,Argentina,1995.77,2025-06-30 11:54:32.346640
INV1570,STK670,Bluetooth Speaker,36,2024-02-04,82.57,41139,South Korea,2972.52,2025-06-30 11:54:32.346641
INV1571,STK671,Coffee Mug,3,2024-09-26,42.33,16460,Bangladesh,126.99,2025-06-30 11:54:32.346642
INV1572,STK672,Flash Drive,30,2024-10-05,15.82,72287,India,474.6,2025-06-30 11:54:32.346642
INV1573,STK673,Notebook,6,2024-09-16,58.57,45203,Mexico,351.42,2025-06-30 11:54:32.346642
INV1574,STK674,HDMI Adapter,21,2024-09-16,61.26,58816,Switzerland,1286.46,2025-06-30 11:54:32.346643
INV1575,STK675,Wireless Mouse,17,2024-10-10,56.83,12651,Kenya,966.11,2025-06-30 11:54:32.346643
INV1576,STK676,Phone Charger,21,2024-01-11,69.76,54284,Mexico,1464.96,2025-06-30 11:54:32.346643
INV1577,STK677,Laptop Stand,8,2024-07-18,57.26,49722,Denmark,458.08,2025-06-30 11:54:32.346644
INV1578,STK678,HDMI Adapter,50,2024-08-28,95.54,50756,Israel,4777.0,2025-06-30 11:54:32.346644
INV1579,STK679,Keyboard,26,2024-01-23,48.85,46745,Spain,1270.1,2025-06-30 11:54:32.346644
INV1580,STK680,Earbuds,33,2024-11-21,72.29,74437,Spain,2385.57,2025-06-30 11:54:32.346645
INV1581,STK681,Wireless Mouse,1,2024-07-17,46.65,99764,Vietnam,46.65,2025-06-30 11:54:32.346645
INV1582,STK682,Phone Charger,43,2024-07-10,32.68,22873,Kenya,1405.24,2025-06-30 11:54:32.346646
INV1583,STK683,Desk Lamp,35,2024-05-09,70.82,39878,Malaysia,2478.7,2025-06-30 11:54:32.346646
INV1584,STK684,Desk Organizer,30,2024-01-09,82.8,27614,Argentina,2484.0,2025-06-30 11:54:32.346646
INV1585,STK685,Desk Lamp,27,2024-07-01,80.59,49384,Israel,2175.93,2025-06-30 11:54:32.346647
INV1586,STK686,Desk Lamp,4,2024-02-04,43.87,68079,Argentina,175.48,2025-06-30 11:54:32.346647
INV1587,STK687,Desk Organizer,13,2024-06-25,52.43,52056,Russia,681.59,2025-06-30 11:54:32.346647
INV1588,STK688,Sticky Notes,34,2024-05-03,65.17,45313,Switzerland,2215.78,2025-06-30 11:54:32.346648
INV1589,STK689,Water Bottle,24,2024-12-02,27.99,64627,Thailand,671.76,2025-06-30 11:54:32.346648
INV1590,STK690,Desk Organizer,40,2024-11-17,67.57,89295,France,2702.8,2025-06-30 11:54:32.346649
INV1591,STK691,Earbuds,49,2024-02-23,72.95,94614,Austria,3574.55,2025-06-30 11:54:32.346649
INV1592,STK692,Flash Drive,32,2024-10-24,79.96,21703,Italy,2558.72,2025-06-30 11:54:32.346649
INV1593,STK693,Notebook,41,2024-06-19,12.03,34633,Denmark,493.23,2025-06-30 11:54:32.346657
INV1594,STK694,Wireless Mouse,29,2024-03-09,99.12,67896,Belgium,2874.48,2025-06-30 11:54:32.346658
INV1595,STK695,Travel Backpack,49,2024-01-23,50.53,37707,Ireland,2475.97,2025-06-30 11:54:32.346658
INV1596,STK696,Calendar,4,2024-06-29,43.08,63368,Germany,172.32,2025-06-30 11:54:32.346659
INV1597,STK697,Sticky Notes,14,2024-10-06,53.13,73499,Malaysia,743.82,2025-06-30 11:54:32.346659
INV1598,STK698,Bluetooth Speaker,18,2024-06-22,92.44,77698,Turkey,1663.92,2025-06-30 11:54:32.346659
INV1599,STK699,Water Bottle,36,2024-11-25,70.71,59009,Philippines,2545.56,2025-06-30 11:54:32.346660
INV1600,STK700,Ballpoint Pen,9,2024-03-30,56.65,17367,Russia,509.85,2025-06-30 11:54:32.346660
INV1601,STK701,Bluetooth Speaker,19,2024-12-16,80.12,77537,Denmark,1522.28,2025-06-30 11:54:32.346661
INV1602,STK702,HDMI Adapter,29,2024-08-25,39.16,30836,Brazil,1135.64,2025-06-30 11:54:32.346661
INV1603,STK703,Desk Lamp,45,2024-12-22,90.07,18600,Czech Republic,4053.15,2025-06-30 11:54:32.346661
INV1604,STK704,Flash Drive,32,2024-09-02,56.01,50779,Turkey,1792.32,2025-06-30 11:54:32.346662
INV1605,STK705,Water Bottle,8,2024-11-19,65.63,76426,Finland,525.04,2025-06-30 11:54:32.346662
INV1606,STK706,Bluetooth Speaker,2,2024-04-03,13.07,62872,Colombia,26.14,2025-06-30 11:54:32.346662
INV1607,STK707,Keyboard,41,2024-03-10,78.05,27779,Nigeria,3200.05,2025-06-30 11:54:32.346668
INV1608,STK708,Wireless Mouse,39,2024-02-02,67.47,78719,Malaysia,2631.33,2025-06-30 11:54:32.346668
INV1609,STK709,USB-C Cable,16,2024-08-22,38.73,84537,India,619.68,2025-06-30 11:54:32.346669
INV1610,STK710,Travel Backpack,46,2024-01-19,66.46,13794,Brazil,3057.16,2025-06-30 11:54:32.346669
INV1611,STK711,Water Bottle,11,2024-05-30,9.21,32772,Hungary,101.31,2025-06-30 11:54:32.346670
INV1612,STK712,Power Bank,20,2024-04-13,98.44,35265,Switzerland,1968.8,2025-06-30 11:54:32.346670
INV1613,STK713,Laptop Stand,36,2024-01-23,69.36,36309,Singapore,2496.96,2025-06-30 11:54:32.346670
INV1614,STK714,Wireless Mouse,1,2024-04-12,42.96,17553,Australia,42.96,2025-06-30 11:54:32.346671
INV1615,STK715,HDMI Adapter,36,2024-01-22,76.5,42701,Germany,2754.0,2025-06-30 11:54:32.346671
INV1616,STK716,Travel Backpack,27,2024-06-10,96.74,14334,Switzerland,2611.98,2025-06-30 11:54:32.346671
INV1617,STK717,Coffee Mug,6,2024-06-07,45.89,69827,Thailand,275.34,2025-06-30 11:54:32.346672
INV1618,STK718,Travel Backpack,15,2024-09-20,6.0,16626,China,90.0,2025-06-30 11:54:32.346672
INV1619,STK719,Sticky Notes,8,2024-07-22,29.58,57235,Nigeria,236.64,2025-06-30 11:54:32.346672
INV1620,STK720,Laptop Stand,30,2024-10-05,53.51,36097,Finland,1605.3,2025-06-30 11:54:32.346673
INV1621,STK721,Phone Charger,8,2024-08-30,54.29,45910,Malaysia,434.32,2025-06-30 11:54:32.346673
INV1622,STK722,Earbuds,42,2024-05-09,60.15,58280,India,2526.3,2025-06-30 11:54:32.346674
INV1623,STK723,Flash Drive,10,2024-01-19,59.65,70846,Austria,596.5,2025-06-30 11:54:32.346674
INV1624,STK724,Desk Organizer,32,2024-11-27,47.35,76207,Switzerland,1515.2,2025-06-30 11:54:32.346674
INV1625,STK725,USB-C Cable,46,2024-04-07,42.16,62028,Poland,1939.36,2025-06-30 11:54:32.346675
INV1626,STK726,Ballpoint Pen,19,2024-05-26,78.37,93284,China,1489.03,2025-06-30 11:54:32.346675
INV1627,STK727,Desk Lamp,33,2024-07-01,60.92,26236,Egypt,2010.36,2025-06-30 11:54:32.346676
INV1628,STK728,Sticky Notes,46,2024-01-25,52.54,99282,Pakistan,2416.84,2025-06-30 11:54:32.346676
INV1629,STK729,Keyboard,18,2024-12-01,37.77,14005,Sweden,679.86,2025-06-30 11:54:32.346676
INV1630,STK730,Desk Organizer,27,2024-06-18,7.33,41711,Italy,197.91,2025-06-30 11:54:32.346677
INV1631,STK731,Wireless Mouse,31,2024-05-19,14.93,58819,Malaysia,462.83,2025-06-30 11:54:32.346677
INV1632,STK732,Bluetooth Speaker,31,2024-03-04,44.52,74066,USA,1380.12,2025-06-30 11:54:32.346677
INV1633,STK733,Coffee Mug,16,2024-07-07,96.36,87862,New Zealand,1541.76,2025-06-30 11:54:32.346678
INV1634,STK734,Sticky Notes,30,2024-08-11,16.03,68471,India,480.9,2025-06-30 11:54:32.346678
INV1635,STK735,HDMI Adapter,36,2024-07-23,94.36,33276,UAE,3396.96,2025-06-30 11:54:32.346679
INV1636,STK736,Phone Charger,10,2024-08-13,18.46,72204,Vietnam,184.6,2025-06-30 11:54:32.346679
INV1637,STK737,Earbuds,25,2024-07-16,34.63,86923,UK,865.75,2025-06-30 11:54:32.346679
INV1638,STK738,Travel Backpack,13,2024-06-22,48.26,82264,Switzerland,627.38,2025-06-30 11:54:32.346680
INV1639,STK739,Ballpoint Pen,39,2024-04-05,24.65,55843,Finland,961.35,2025-06-30 11:54:32.346680
INV1640,STK740,Wireless Mouse,33,2024-09-11,50.88,55121,Canada,1679.04,2025-06-30 11:54:32.346680
INV1641,STK741,Power Bank,48,2024-12-20,50.24,31432,Russia,2411.52,2025-06-30 11:54:32.346681
INV1642,STK742,Power Bank,9,2024-09-11,46.63,43903,Ireland,419.67,2025-06-30 11:54:32.346681
INV1643,STK743,Power Bank,5,2024-07-07,71.19,21847,USA,355.95,2025-06-30 11:54:32.346681
INV1644,STK744,HDMI Adapter,18,2024-09-22,35.3,47364,Indonesia,635.4,2025-06-30 11:54:32.346682
INV1645,STK745,Coffee Mug,50,2024-05-16,33.53,13597,Egypt,1676.5,2025-06-30 11:54:32.346682
INV1646,STK746,Sticky Notes,27,2024-02-12,81.97,60667,Ireland,2213.19,2025-06-30 11:54:32.346683
INV1647,STK747,Water Bottle,22,2024-08-05,15.93,16507,Czech Republic,350.46,2025-06-30 11:54:32.346683
INV1648,STK748,Bluetooth Speaker,33,2024-02-10,85.67,31352,Egypt,2827.11,2025-06-30 11:54:32.346683
INV1649,STK749,Water Bottle,18,2024-08-08,66.56,85007,France,1198.08,2025-06-30 11:54:32.346684
INV1650,STK750,Travel Backpack,1,2024-11-04,69.33,38091,Egypt,69.33,2025-06-30 11:54:32.346684
INV1651,STK751,Wireless Mouse,19,2024-04-02,20.61,39012,Portugal,391.59,2025-06-30 11:54:32.346685
INV1652,STK752,Desk Organizer,47,2024-10-06,98.47,94853,Pakistan,4628.09,2025-06-30 11:54:32.346685
INV1653,STK753,Water Bottle,20,2024-05-30,28.17,39505,Turkey,563.4,2025-06-30 11:54:32.346685
INV1654,STK754,Coffee Mug,38,2024-06-13,21.57,98826,Japan,819.66,2025-06-30 11:54:32.346686
INV1655,STK755,Notebook,38,2024-02-22,20.21,37096,USA,767.98,2025-06-30 11:54:32.346686
INV1656,STK756,Phone Charger,43,2024-02-10,58.19,45269,Sweden,2502.17,2025-06-30 11:54:32.346686
INV1657,STK757,Travel Backpack,32,2024-06-16,96.05,95404,Switzerland,3073.6,2025-06-30 11:54:32.346687
INV1658,STK758,Notebook,10,2024-12-04,27.03,63674,Japan,270.3,2025-06-30 11:54:32.346687
INV1659,STK759,USB-C Cable,29,2024-05-31,43.48,77276,Greece,1260.92,2025-06-30 11:54:32.346687
INV1660,STK760,Travel Backpack,35,2024-06-05,22.52,12628,Japan,788.2,2025-06-30 11:54:32.346688
INV1661,STK761,Sticky Notes,31,2024-08-16,65.85,99417,Kenya,2041.35,2025-06-30 11:54:32.346688
INV1662,STK762,Flash Drive,23,2024-11-04,46.05,11166,Thailand,1059.15,2025-06-30 11:54:32.346689
INV1663,STK763,Coffee Mug,22,2024-08-06,7.77,72140,South Africa,170.94,2025-06-30 11:54:32.346689
INV1664,STK764,Monitor Riser,36,2024-03-26,63.34,27342,Pakistan,2280.24,2025-06-30 11:54:32.346689
INV1665,STK765,Coffee Mug,49,2024-12-19,23.75,94852,Canada,1163.75,2025-06-30 11:54:32.346690
INV1666,STK766,Calendar,35,2024-08-15,61.26,32701,Canada,2144.1,2025-06-30 11:54:32.346690
INV1667,STK767,Notebook,25,2024-06-28,41.94,88792,Czech Republic,1048.5,2025-06-30 11:54:32.346690
INV1668,STK768,Monitor Riser,30,2024-08-16,71.95,11109,Nigeria,2158.5,2025-06-30 11:54:32.346691
INV1669,STK769,HDMI Adapter,21,2024-01-22,24.55,39329,South Africa,515.55,2025-06-30 11:54:32.346691
INV1670,STK770,Flash Drive,13,2024-06-29,76.47,43081,India,994.11,2025-06-30 11:54:32.346692
INV1671,STK771,Phone Charger,45,2024-11-10,81.83,89736,Hungary,3682.35,2025-06-30 11:54:32.346692
INV1672,STK772,Keyboard,16,2024-08-10,10.94,50037,Brazil,175.04,2025-06-30 11:54:32.346693
INV1673,STK773,Desk Organizer,37,2024-05-20,14.67,94245,UK,542.79,2025-06-30 11:54:32.346693
INV1674,STK774,Notebook,25,2024-11-23,87.84,46094,Greece,2196.0,2025-06-30 11:54:32.346694
INV1675,STK775,Desk Lamp,15,2024-01-30,22.76,65549,New Zealand,341.4,2025-06-30 11:54:32.346694
INV1676,STK776,Notebook,50,2024-02-08,35.97,59345,France,1798.5,2025-06-30 11:54:32.346694
INV1677,STK777,Calendar,27,2024-12-09,48.47,55706,Australia,1308.69,2025-06-30 11:54:32.346695
INV1678,STK778,Desk Organizer,3,2024-11-22,29.92,70161,Italy,89.76,2025-06-30 11:54:32.346695
INV1679,STK779,Desk Lamp,21,2024-07-26,86.95,43029,Israel,1825.95,2025-06-30 11:54:32.346695
INV1680,STK780,Notebook,48,2024-07-05,55.13,38601,Russia,2646.24,2025-06-30 11:54:32.346696
INV1681,STK781,HDMI Adapter,31,2024-09-19,65.72,71171,Iraq,2037.32,2025-06-30 11:54:32.346696
INV1682,STK782,Sticky Notes,46,2024-12-13,61.71,49602,Indonesia,2838.66,2025-06-30 11:54:32.346697
INV1683,STK783,Notebook,25,2024-03-22,63.07,98761,Czech Republic,1576.75,2025-06-30 11:54:32.346697
INV1684,STK784,Monitor Riser,25,2024-01-16,60.77,78241,Finland,1519.25,2025-06-30 11:54:32.346697
INV1685,STK785,Notebook,43,2024-03-14,38.05,91737,Iraq,1636.15,2025-06-30 11:54:32.346698
INV1686,STK786,Calendar,42,2024-11-07,85.32,62055,UAE,3583.44,2025-06-30 11:54:32.346698
INV1687,STK787,Ballpoint Pen,10,2024-12-13,63.65,86609,Spain,636.5,2025-06-30 11:54:32.346698
INV1688,STK788,Phone Charger,32,2024-08-12,82.31,23410,Egypt,2633.92,2025-06-30 11:54:32.346699
INV1689,STK789,USB-C Cable,3,2024-01-18,72.07,10963,New Zealand,216.21,2025-06-30 11:54:32.346699
INV1690,STK790,Desk Organizer,9,2024-03-05,33.26,77045,Thailand,299.34,2025-06-30 11:54:32.346700
INV1691,STK791,Desk Organizer,33,2024-02-04,63.38,96816,Denmark,2091.54,2025-06-30 11:54:32.346700
INV1692,STK792,Laptop Stand,38,2024-04-30,13.05,59051,Singapore,495.9,2025-06-30 11:54:32.346703
INV1693,STK793,Ballpoint Pen,22,2024-11-26,17.73,83591,France,390.06,2025-06-30 11:54:32.346704
INV1694,STK794,Phone Charger,7,2024-07-06,16.2,94848,Germany,113.4,2025-06-30 11:54:32.346704
INV1695,STK795,Notebook,29,2024-07-04,34.01,87826,Poland,986.29,2025-06-30 11:54:32.346705
INV1696,STK796,Wireless Mouse,7,2024-07-15,22.39,89829,Ireland,156.73,2025-06-30 11:54:32.346705
INV1697,STK797,Phone Charger,34,2024-10-17,70.88,47051,UK,2409.92,2025-06-30 11:54:32.346705
INV1698,STK798,Monitor Riser,30,2024-01-17,53.53,49121,Denmark,1605.9,2025-06-30 11:54:32.346706
INV1699,STK799,Monitor Riser,1,2024-11-05,44.73,99707,Ireland,44.73,2025-06-30 11:54:32.346706
INV1700,STK800,HDMI Adapter,47,2024-03-19,18.1,24169,South Africa,850.7,2025-06-30 11:54:32.346706
INV1701,STK801,Keyboard,10,2024-12-13,41.45,73142,Indonesia,414.5,2025-06-30 11:54:32.346707
INV1702,STK802,Water Bottle,27,2024-08-18,22.65,18367,Saudi Arabia,611.55,2025-06-30 11:54:32.346707
INV1703,STK803,Notebook,42,2024-07-08,65.37,54077,Switzerland,2745.54,2025-06-30 11:54:32.346708
INV1704,STK804,Desk Lamp,10,2024-07-09,70.88,46239,Mexico,708.8,2025-06-30 11:54:32.346708
INV1705,STK805,Laptop Stand,5,2024-08-15,66.3,93964,Kenya,331.5,2025-06-30 11:54:32.346708
INV1706,STK806,Notebook,31,2024-02-09,99.99,52616,Egypt,3099.69,2025-06-30 11:54:32.346709
INV1707,STK807,Ballpoint Pen,17,2024-10-20,57.72,46291,UAE,981.24,2025-06-30 11:54:32.346709
INV1708,STK808,Wireless Mouse,22,2024-03-11,51.52,44229,Austria,1133.44,2025-06-30 11:54:32.346709
INV1709,STK809,Flash Drive,40,2024-09-28,18.33,95998,Greece,733.2,2025-06-30 11:54:32.346710
INV1710,STK810,Flash Drive,45,2024-07-06,34.89,95389,Norway,1570.05,2025-06-30 11:54:32.346710
INV1711,STK811,Water Bottle,26,2024-07-22,47.85,49163,Argentina,1244.1,2025-06-30 11:54:32.346711
INV1712,STK812,Flash Drive,42,2024-06-09,10.09,34688,Argentina,423.78,2025-06-30 11:54:32.346711
INV1713,STK813,Calendar,6,2024-11-28,39.11,29651,UK,234.66,2025-06-30 11:54:32.346711
INV1714,STK814,Flash Drive,22,2024-05-22,5.91,77802,Iraq,130.02,2025-06-30 11:54:32.346712
INV1715,STK815,Coffee Mug,44,2024-05-07,17.97,41496,Saudi Arabia,790.68,2025-06-30 11:54:32.346712
INV1716,STK816,Flash Drive,35,2024-02-28,82.45,17441,Canada,2885.75,2025-06-30 11:54:32.346712
INV1717,STK817,Coffee Mug,25,2024-01-14,96.56,88647,Norway,2414.0,2025-06-30 11:54:32.346713
INV1718,STK818,Coffee Mug,21,2024-04-05,53.02,62965,Czech Republic,1113.42,2025-06-30 11:54:32.346713
INV1719,STK819,Wireless Mouse,41,2024-09-12,52.02,96577,UAE,2132.82,2025-06-30 11:54:32.346714
INV1720,STK820,Power Bank,46,2024-09-22,70.05,51888,Netherlands,3222.3,2025-06-30 11:54:32.346714
INV1721,STK821,USB-C Cable,49,2024-07-17,44.48,99228,Singapore,2179.52,2025-06-30 11:54:32.346714
INV1722,STK822,Earbuds,32,2024-10-14,84.79,28340,Kenya,2713.28,2025-06-30 11:54:32.346715
INV1723,STK823,Notebook,35,2024-03-01,51.43,13336,Israel,1800.05,2025-06-30 11:54:32.346715
INV1724,STK824,Sticky Notes,3,2024-05-14,12.85,95904,Japan,38.55,2025-06-30 11:54:32.346715
INV1725,STK825,Flash Drive,40,2024-05-13,7.93,75191,Saudi Arabia,317.2,2025-06-30 11:54:32.346716
INV1726,STK826,Earbuds,5,2024-12-26,77.3,48745,Norway,386.5,2025-06-30 11:54:32.346716
INV1727,STK827,Power Bank,16,2024-08-16,32.75,44003,South Africa,524.0,2025-06-30 11:54:32.346716
INV1728,STK828,Ballpoint Pen,41,2024-04-19,31.11,64862,Bangladesh,1275.51,2025-06-30 11:54:32.346717
INV1729,STK829,Travel Backpack,44,2024-11-09,56.07,63031,Norway,2467.08,2025-06-30 11:54:32.346717
INV1730,STK830,Earbuds,19,2024-05-26,20.98,60891,Mexico,398.62,2025-06-30 11:54:32.346718
INV1731,STK831,Earbuds,15,2024-12-21,48.45,14629,Russia,726.75,2025-06-30 11:54:32.346718
INV1732,STK832,Notebook,48,2024-09-08,75.54,86418,Iran,3625.92,2025-06-30 11:54:32.346718
INV1733,STK833,Ballpoint Pen,6,2024-04-12,77.76,84978,Bangladesh,466.56,2025-06-30 11:54:32.346719
INV1734,STK834,Desk Lamp,28,2024-03-03,57.22,34892,Israel,1602.16,2025-06-30 11:54:32.346719
INV1735,STK835,Coffee Mug,7,2024-03-10,15.76,54979,Canada,110.32,2025-06-30 11:54:32.346720
INV1736,STK836,Bluetooth Speaker,49,2024-02-07,15.85,39145,Argentina,776.65,2025-06-30 11:54:32.346720
INV1737,STK837,Monitor Riser,41,2024-08-19,78.64,99957,Russia,3224.24,2025-06-30 11:54:32.346720
INV1738,STK838,Wireless Mouse,46,2024-03-29,83.21,80075,Indonesia,3827.66,2025-06-30 11:54:32.346721
INV1739,STK839,Water Bottle,7,2024-12-31,39.85,93665,Australia,278.95,2025-06-30 11:54:32.346721
INV1740,STK840,Monitor Riser,29,2024-08-15,83.15,72355,Germany,2411.35,2025-06-30 11:54:32.346721
INV1741,STK841,Coffee Mug,11,2024-02-14,8.95,98063,Belgium,98.45,2025-06-30 11:54:32.346722
INV1742,STK842,Desk Lamp,45,2024-12-15,73.3,56988,Poland,3298.5,2025-06-30 11:54:32.346722
INV1743,STK843,Desk Lamp,20,2024-06-12,56.9,76494,Egypt,1138.0,2025-06-30 11:54:32.346722
INV1744,STK844,USB-C Cable,2,2024-12-07,99.03,49347,Poland,198.06,2025-06-30 11:54:32.346723
INV1745,STK845,Ballpoint Pen,3,2024-06-26,14.73,32280,Hungary,44.19,2025-06-30 11:54:32.346723
INV1746,STK846,Keyboard,21,2024-12-29,83.86,96194,Canada,1761.06,2025-06-30 11:54:32.346724
INV1747,STK847,Flash Drive,4,2024-02-03,76.38,83170,Brazil,305.52,2025-06-30 11:54:32.346724
INV1748,STK848,Earbuds,19,2024-10-08,33.28,33741,Nigeria,632.32,2025-06-30 11:54:32.346724
INV1749,STK849,Phone Charger,23,2024-10-04,99.93,48506,Israel,2298.39,2025-06-30 11:54:32.346725
INV1750,STK850,Keyboard,24,2024-05-28,47.72,22793,Belgium,1145.28,2025-06-30 11:54:32.346725
INV1751,STK851,Coffee Mug,28,2024-06-02,38.11,71706,Russia,1067.08,2025-06-30 11:54:32.346725
INV1752,STK852,Monitor Riser,10,2024-03-21,82.59,26769,Turkey,825.9,2025-06-30 11:54:32.346726
INV1753,STK853,Travel Backpack,16,2024-12-30,46.71,43902,Denmark,747.36,2025-06-30 11:54:32.346726
INV1754,STK854,Bluetooth Speaker,34,2024-12-29,99.43,83273,USA,3380.62,2025-06-30 11:54:32.346727
INV1755,STK855,Flash Drive,27,2024-12-24,78.69,33995,Israel,2124.63,2025-06-30 11:54:32.346727
INV1756,STK856,Travel Backpack,37,2024-11-22,27.51,99091,Saudi Arabia,1017.87,2025-06-30 11:54:32.346727
INV1757,STK857,Phone Charger,44,2024-03-30,82.02,53992,Spain,3608.88,2025-06-30 11:54:32.346728
INV1758,STK858,Travel Backpack,12,2024-07-04,60.85,95778,Hungary,730.2,2025-06-30 11:54:32.346728
INV1759,STK859,Flash Drive,11,2024-09-17,38.31,21704,Singapore,421.41,2025-06-30 11:54:32.346728
INV1760,STK860,Calendar,12,2024-04-24,72.52,39131,Austria,870.24,2025-06-30 11:54:32.346729
INV1761,STK861,Flash Drive,6,2024-03-03,65.11,56567,Germany,390.66,2025-06-30 11:54:32.346730
INV1762,STK862,Desk Organizer,40,2024-04-12,20.77,39272,Turkey,830.8,2025-06-30 11:54:32.346730
INV1763,STK863,Sticky Notes,25,2024-03-12,18.23,50250,Russia,455.75,2025-06-30 11:54:32.346731
INV1764,STK864,Bluetooth Speaker,40,2024-05-01,24.63,65112,India,985.2,2025-06-30 11:54:32.346731
INV1765,STK865,Sticky Notes,44,2024-09-09,24.66,53426,Austria,1085.04,2025-06-30 11:54:32.346731
INV1766,STK866,Laptop Stand,16,2024-01-14,10.64,58717,Germany,170.24,2025-06-30 11:54:32.346732
INV1767,STK867,Keyboard,32,2024-07-03,38.33,44152,Malaysia,1226.56,2025-06-30 11:54:32.346732
INV1768,STK868,Keyboard,38,2024-10-10,31.7,86751,Belgium,1204.6,2025-06-30 11:54:32.346733
INV1769,STK869,Bluetooth Speaker,10,2024-10-20,56.18,48541,UAE,561.8,2025-06-30 11:54:32.346733
INV1770,STK870,Coffee Mug,15,2024-07-07,35.75,70786,Russia,536.25,2025-06-30 11:54:32.346734
INV1771,STK871,Sticky Notes,30,2024-08-27,71.89,25437,Sweden,2156.7,2025-06-30 11:54:32.346734
INV1772,STK872,Desk Organizer,41,2024-10-09,32.49,71674,India,1332.09,2025-06-30 11:54:32.346735
INV1773,STK873,Travel Backpack,17,2024-03-07,30.4,17035,Denmark,516.8,2025-06-30 11:54:32.346735
INV1774,STK874,Bluetooth Speaker,30,2024-11-09,86.51,93151,Indonesia,2595.3,2025-06-30 11:54:32.346735
INV1775,STK875,Desk Organizer,17,2024-02-14,98.62,86490,Norway,1676.54,2025-06-30 11:54:32.346736
INV1776,STK876,Travel Backpack,43,2024-02-03,69.53,86062,Norway,2989.79,2025-06-30 11:54:32.346736
INV1777,STK877,Sticky Notes,1,2024-06-07,14.05,91350,Sweden,14.05,2025-06-30 11:54:32.346740
INV1778,STK878,Bluetooth Speaker,30,2024-07-22,96.46,19334,Ireland,2893.8,2025-06-30 11:54:32.346740
INV1779,STK879,Desk Lamp,19,2024-09-02,79.64,71894,Greece,1513.16,2025-06-30 11:54:32.346741
INV1780,STK880,HDMI Adapter,44,2024-09-26,92.28,35499,Norway,4060.32,2025-06-30 11:54:32.346741
INV1781,STK881,Keyboard,35,2024-07-29,99.29,75598,Vietnam,3475.15,2025-06-30 11:54:32.346741
INV1782,STK882,Travel Backpack,11,2024-07-28,87.37,25704,Pakistan,961.07,2025-06-30 11:54:32.346742
INV1783,STK883,HDMI Adapter,5,2024-10-21,17.05,99220,Brazil,85.25,2025-06-30 11:54:32.346742
INV1784,STK884,HDMI Adapter,29,2024-02-07,87.28,60026,Mexico,2531.12,2025-06-30 11:54:32.346743
INV1785,STK885,Keyboard,23,2024-03-05,28.72,79446,Argentina,660.56,2025-06-30 11:54:32.346743
INV1786,STK886,Ballpoint Pen,38,2024-06-11,72.58,49106,Netherlands,2758.04,2025-06-30 11:54:32.346743
INV1787,STK887,Monitor Riser,20,2024-11-24,83.71,64146,Vietnam,1674.2,2025-06-30 11:54:32.346744
INV1788,STK888,HDMI Adapter,41,2024-02-07,77.34,17086,Canada,3170.94,2025-06-30 11:54:32.346744
INV1789,STK889,Flash Drive,28,2024-08-18,69.24,29762,New Zealand,1938.72,2025-06-30 11:54:32.346744
INV1790,STK890,Bluetooth Speaker,45,2024-08-26,51.5,28004,Japan,2317.5,2025-06-30 11:54:32.346745
INV1791,STK891,Sticky Notes,17,2024-12-14,59.86,36253,Kenya,1017.62,2025-06-30 11:54:32.346745
INV1792,STK892,Notebook,30,2024-09-21,30.53,54914,Germany,915.9,2025-06-30 11:54:32.346745
INV1793,STK893,Keyboard,20,2024-06-25,44.35,63633,Pakistan,887.0,2025-06-30 11:54:32.346746
INV1794,STK894,Keyboard,13,2024-03-06,47.94,84632,Kenya,623.22,2025-06-30 11:54:32.346746
INV1795,STK895,USB-C Cable,25,2024-10-09,65.19,69974,Poland,1629.75,2025-06-30 11:54:32.346747
INV1796,STK896,Sticky Notes,31,2024-11-23,88.61,28772,Ireland,2746.91,2025-06-30 11:54:32.346747
INV1797,STK897,Laptop Stand,7,2024-10-27,13.84,51469,Portugal,96.88,2025-06-30 11:54:32.346747
INV1798,STK898,Ballpoint Pen,16,2024-04-03,53.98,33639,Switzerland,863.68,2025-06-30 11:54:32.346748
INV1799,STK899,Calendar,25,2024-03-07,31.43,20592,China,785.75,2025-06-30 11:54:32.346748
INV1800,STK900,Desk Organizer,37,2024-08-09,93.95,73908,UK,3476.15,2025-06-30 11:54:32.346748
INV1801,STK901,Notebook,23,2024-09-14,40.06,53598,South Africa,921.38,2025-06-30 11:54:32.346749
INV1802,STK902,Travel Backpack,37,2024-01-29,95.27,92710,Ireland,3524.99,2025-06-30 11:54:32.346749
INV1803,STK903,Monitor Riser,19,2024-03-04,36.09,33176,Thailand,685.71,2025-06-30 11:54:32.346750
INV1804,STK904,Phone Charger,45,2024-09-22,5.23,51079,Indonesia,235.35,2025-06-30 11:54:32.346750
INV1805,STK905,Keyboard,19,2024-03-19,78.54,93165,Greece,1492.26,2025-06-30 11:54:32.346750
INV1806,STK906,Wireless Mouse,2,2024-06-04,74.61,17603,South Korea,149.22,2025-06-30 11:54:32.346751
INV1807,STK907,Ballpoint Pen,43,2024-03-25,74.44,10617,Netherlands,3200.92,2025-06-30 11:54:32.346751
INV1808,STK908,Keyboard,26,2024-03-23,48.55,69251,Philippines,1262.3,2025-06-30 11:54:32.346751
INV1809,STK909,Calendar,18,2024-06-14,68.09,45851,Mexico,1225.62,2025-06-30 11:54:32.346752
INV1810,STK910,Desk Lamp,1,2024-12-29,39.03,37444,India,39.03,2025-06-30 11:54:32.346752
INV1811,STK911,Keyboard,37,2024-04-25,11.02,32099,Bangladesh,407.74,2025-06-30 11:54:32.346753
INV1812,STK912,USB-C Cable,44,2024-06-26,55.77,85534,Egypt,2453.88,2025-06-30 11:54:32.346753
INV1813,STK913,Water Bottle,50,2024-09-22,25.69,30766,Iraq,1284.5,2025-06-30 11:54:32.346753
INV1814,STK914,Phone Charger,48,2024-05-25,45.82,74169,Italy,2199.36,2025-06-30 11:54:32.346754
INV1815,STK915,Ballpoint Pen,4,2024-02-10,25.13,21539,Japan,100.52,2025-06-30 11:54:32.346754
INV1816,STK916,Laptop Stand,39,2024-05-08,30.51,26961,Singapore,1189.89,2025-06-30 11:54:32.346754
INV1817,STK917,USB-C Cable,48,2024-04-10,83.69,90541,Netherlands,4017.12,2025-06-30 11:54:32.346755
INV1818,STK918,Laptop Stand,32,2024-11-21,37.09,66847,Czech Republic,1186.88,2025-06-30 11:54:32.346755
INV1819,STK919,Keyboard,19,2024-10-09,59.9,93032,Indonesia,1138.1,2025-06-30 11:54:32.346756
INV1820,STK920,Power Bank,50,2024-05-20,58.78,66283,Brazil,2939.0,2025-06-30 11:54:32.346756
INV1821,STK921,USB-C Cable,15,2024-03-05,51.11,62873,Belgium,766.65,2025-06-30 11:54:32.346756
INV1822,STK922,Sticky Notes,39,2024-11-16,37.66,66233,Australia,1468.74,2025-06-30 11:54:32.346757
INV1823,STK923,Travel Backpack,23,2024-06-04,69.84,72573,Thailand,1606.32,2025-06-30 11:54:32.346757
INV1824,STK924,Sticky Notes,15,2024-11-10,9.6,60242,Argentina,144.0,2025-06-30 11:54:32.346757
INV1825,STK925,Flash Drive,41,2024-09-30,14.46,10611,Denmark,592.86,2025-06-30 11:54:32.346758
INV1826,STK926,Ballpoint Pen,13,2024-02-17,79.47,14944,Canada,1033.11,2025-06-30 11:54:32.346758
INV1827,STK927,Travel Backpack,40,2024-09-14,48.66,79963,Indonesia,1946.4,2025-06-30 11:54:32.346759
INV1828,STK928,Desk Organizer,17,2024-11-24,16.8,36137,South Africa,285.6,2025-06-30 11:54:32.346759
INV1829,STK929,Travel Backpack,44,2024-03-27,86.48,58903,Singapore,3805.12,2025-06-30 11:54:32.346759
INV1830,STK930,Bluetooth Speaker,49,2024-10-30,46.92,11845,Sweden,2299.08,2025-06-30 11:54:32.346760
INV1831,STK931,Ballpoint Pen,47,2024-10-24,5.06,52233,Philippines,237.82,2025-06-30 11:54:32.346760
INV1832,STK932,Phone Charger,50,2024-03-19,96.01,79603,Ireland,4800.5,2025-06-30 11:54:32.346760
INV1833,STK933,Calendar,43,2024-03-28,24.22,34979,Japan,1041.46,2025-06-30 11:54:32.346761
INV1834,STK934,Notebook,44,2024-12-03,70.42,12348,Singapore,3098.48,2025-06-30 11:54:32.346761
INV1835,STK935,Ballpoint Pen,9,2024-11-15,17.53,98702,Bangladesh,157.77,2025-06-30 11:54:32.346762
INV1836,STK936,Notebook,41,2024-11-05,66.75,10540,Belgium,2736.75,2025-06-30 11:54:32.346762
INV1837,STK937,Ballpoint Pen,7,2024-06-21,20.1,92141,Finland,140.7,2025-06-30 11:54:32.346762
INV1838,STK938,Bluetooth Speaker,41,2024-10-15,93.61,42613,Kenya,3838.01,2025-06-30 11:54:32.346763
INV1839,STK939,Monitor Riser,42,2024-01-22,31.03,39657,Nigeria,1303.26,2025-06-30 11:54:32.346763
INV1840,STK940,HDMI Adapter,3,2024-01-15,67.19,55134,Singapore,201.57,2025-06-30 11:54:32.346763
INV1841,STK941,HDMI Adapter,20,2024-02-11,28.79,50906,China,575.8,2025-06-30 11:54:32.346764
INV1842,STK942,Keyboard,29,2024-01-24,40.33,26899,Hungary,1169.57,2025-06-30 11:54:32.346764
INV1843,STK943,HDMI Adapter,3,2024-11-24,90.86,23462,UK,272.58,2025-06-30 11:54:32.346764
INV1844,STK944,Ballpoint Pen,38,2024-10-22,20.72,60272,Russia,787.36,2025-06-30 11:54:32.346765
INV1845,STK945,Laptop Stand,24,2024-05-15,42.65,75973,Czech Republic,1023.6,2025-06-30 11:54:32.346765
INV1846,STK946,Notebook,47,2024-11-29,34.02,87158,UAE,1598.94,2025-06-30 11:54:32.346766
INV1847,STK947,Desk Lamp,9,2024-04-17,71.45,50123,Pakistan,643.05,2025-06-30 11:54:32.346766
INV1848,STK948,Wireless Mouse,6,2024-10-19,27.24,31891,Israel,163.44,2025-06-30 11:54:32.346766
INV1849,STK949,Flash Drive,19,2024-08-01,67.27,18557,Iran,1278.13,2025-06-30 11:54:32.346767
INV1850,STK950,Water Bottle,21,2024-11-12,71.85,15992,Mexico,1508.85,2025-06-30 11:54:32.346767
INV1851,STK951,Wireless Mouse,48,2024-11-23,5.1,49085,UK,244.8,2025-06-30 11:54:32.346767
INV1852,STK952,Keyboard,27,2024-01-16,50.3,48119,Spain,1358.1,2025-06-30 11:54:32.346768
INV1853,STK953,Earbuds,12,2024-09-11,17.61,69759,Hungary,211.32,2025-06-30 11:54:32.346768
INV1854,STK954,Earbuds,13,2024-11-17,26.49,78195,Japan,344.37,2025-06-30 11:54:32.346769
INV1855,STK955,Desk Organizer,9,2024-10-06,69.6,88167,Egypt,626.4,2025-06-30 11:54:32.346769
INV1856,STK956,Wireless Mouse,35,2024-05-28,5.88,78697,UK,205.8,2025-06-30 11:54:32.346769
INV1857,STK957,Flash Drive,24,2024-11-24,71.08,54280,Kenya,1705.92,2025-06-30 11:54:32.346770
INV1858,STK958,Earbuds,34,2024-06-03,82.63,66841,Italy,2809.42,2025-06-30 11:54:32.346770
INV1859,STK959,Coffee Mug,33,2024-09-04,98.87,27536,Italy,3262.71,2025-06-30 11:54:32.346770
INV1860,STK960,Desk Lamp,18,2024-05-05,45.12,54922,South Korea,812.16,2025-06-30 11:54:32.346771
INV1861,STK961,Calendar,11,2024-12-16,17.56,74248,Israel,193.16,2025-06-30 11:54:32.346780
INV1862,STK962,Earbuds,17,2024-07-26,11.73,57087,China,199.41,2025-06-30 11:54:32.346780
INV1863,STK963,Keyboard,31,2024-06-01,41.39,34697,Bangladesh,1283.09,2025-06-30 11:54:32.346781
INV1864,STK964,Monitor Riser,19,2024-08-20,74.42,31611,Brazil,1413.98,2025-06-30 11:54:32.346781
INV1865,STK965,Keyboard,48,2024-02-07,14.73,62873,Colombia,707.04,2025-06-30 11:54:32.346781
INV1866,STK966,USB-C Cable,22,2024-12-18,34.77,12506,Nigeria,764.94,2025-06-30 11:54:32.346782
INV1867,STK967,Flash Drive,8,2024-01-31,88.69,39939,Singapore,709.52,2025-06-30 11:54:32.346782
INV1868,STK968,Flash Drive,30,2024-03-21,18.03,39402,Pakistan,540.9,2025-06-30 11:54:32.346783
INV1869,STK969,Wireless Mouse,5,2024-08-13,78.48,27197,Thailand,392.4,2025-06-30 11:54:32.346783
INV1870,STK970,Coffee Mug,10,2024-07-31,76.55,37681,Indonesia,765.5,2025-06-30 11:54:32.346784
INV1871,STK971,Desk Organizer,49,2024-09-04,17.65,12872,Italy,864.85,2025-06-30 11:54:32.346784
INV1872,STK972,Water Bottle,15,2024-08-25,99.33,87292,UK,1489.95,2025-06-30 11:54:32.346785
INV1873,STK973,Flash Drive,44,2024-04-14,18.57,76143,Nigeria,817.08,2025-06-30 11:54:32.346785
INV1874,STK974,Desk Organizer,47,2024-06-23,55.4,32149,Israel,2603.8,2025-06-30 11:54:32.346785
INV1875,STK975,Desk Lamp,44,2024-11-06,5.81,26143,Brazil,255.64,2025-06-30 11:54:32.346786
INV1876,STK976,Bluetooth Speaker,26,2024-03-14,66.75,58049,Israel,1735.5,2025-06-30 11:54:32.346786
INV1877,STK977,Ballpoint Pen,36,2024-06-09,46.81,95267,Argentina,1685.16,2025-06-30 11:54:32.346786
INV1878,STK978,Notebook,24,2024-06-12,73.63,14897,Thailand,1767.12,2025-06-30 11:54:32.346787
INV1879,STK979,Bluetooth Speaker,6,2024-06-25,64.67,59177,Brazil,388.02,2025-06-30 11:54:32.346787
INV1880,STK980,Power Bank,26,2024-07-23,19.38,93928,Portugal,503.88,2025-06-30 11:54:32.346788
INV1881,STK981,Bluetooth Speaker,1,2024-03-07,44.11,43526,South Korea,44.11,2025-06-30 11:54:32.346788
INV1882,STK982,Notebook,17,2024-07-08,70.22,80088,Netherlands,1193.74,2025-06-30 11:54:32.346788
INV1883,STK983,Bluetooth Speaker,35,2024-09-20,86.7,91675,Austria,3034.5,2025-06-30 11:54:32.346789
INV1884,STK984,Calendar,8,2024-10-14,13.24,16368,Indonesia,105.92,2025-06-30 11:54:32.346789
INV1885,STK985,Flash Drive,30,2024-02-24,14.54,87846,Italy,436.2,2025-06-30 11:54:32.346790
INV1886,STK986,HDMI Adapter,24,2024-06-12,76.48,16286,Mexico,1835.52,2025-06-30 11:54:32.346790
INV1887,STK987,Phone Charger,44,2024-05-03,61.01,96765,Brazil,2684.44,2025-06-30 11:54:32.346790
INV1888,STK988,USB-C Cable,48,2024-08-26,41.48,24170,Iran,1991.04,2025-06-30 11:54:32.346791
INV1889,STK989,Bluetooth Speaker,44,2024-03-03,96.51,95664,Sweden,4246.44,2025-06-30 11:54:32.346791
INV1890,STK990,Laptop Stand,17,2024-05-16,34.88,12587,Indonesia,592.96,2025-06-30 11:54:32.346792
INV1891,STK991,Monitor Riser,38,2024-08-18,18.28,16322,New Zealand,694.64,2025-06-30 11:54:32.346792
INV1892,STK992,Ballpoint Pen,25,2024-05-06,31.31,25176,Hungary,782.75,2025-06-30 11:54:32.346792
INV1893,STK993,Ballpoint Pen,41,2024-03-13,13.0,64627,Malaysia,533.0,2025-06-30 11:54:32.346793
INV1894,STK994,HDMI Adapter,24,2024-02-19,57.57,68237,South Korea,1381.68,2025-06-30 11:54:32.346793
INV1895,STK995,Flash Drive,7,2024-01-26,62.0,59840,South Korea,434.0,2025-06-30 11:54:32.346793
INV1896,STK996,Flash Drive,44,2024-05-28,62.72,26199,Germany,2759.68,2025-06-30 11:54:32.346794
INV1897,STK997,Calendar,15,2024-07-15,79.0,81733,South Africa,1185.0,2025-06-30 11:54:32.346794
INV1898,STK998,Desk Organizer,31,2024-11-11,70.6,43126,Belgium,2188.6,2025-06-30 11:54:32.346795
INV1899,STK999,Ballpoint Pen,2,2024-08-02,85.55,72180,New Zealand,171.1,2025-06-30 11:54:32.346795
INV1900,STK1000,Keyboard,40,2024-05-07,67.55,30070,Hungary,2702.0,2025-06-30 11:54:32.346795
INV1901,STK1001,Calendar,36,2024-03-22,33.66,36934,Hungary,1211.76,2025-06-30 11:54:32.346796
INV1902,STK1002,Power Bank,21,2024-06-16,54.19,99881,Australia,1137.99,2025-06-30 11:54:32.346796
INV1903,STK1003,Bluetooth Speaker,40,2024-10-22,53.4,92616,Switzerland,2136.0,2025-06-30 11:54:32.346796
INV1904,STK1004,USB-C Cable,15,2024-06-09,76.05,11219,Iraq,1140.75,2025-06-30 11:54:32.346797
INV1905,STK1005,HDMI Adapter,42,2024-04-07,33.08,49467,Spain,1389.36,2025-06-30 11:54:32.346797
INV1906,STK1006,Phone Charger,5,2024-03-22,10.18,65164,Turkey,50.9,2025-06-30 11:54:32.346798
INV1907,STK1007,Power Bank,41,2024-09-12,90.3,96725,Bangladesh,3702.3,2025-06-30 11:54:32.346798
INV1908,STK1008,Travel Backpack,30,2024-09-20,95.69,23235,Portugal,2870.7,2025-06-30 11:54:32.346798
INV1909,STK1009,USB-C Cable,45,2024-08-27,52.01,96832,Brazil,2340.45,2025-06-30 11:54:32.346799
INV1910,STK1010,Monitor Riser,20,2024-09-12,15.71,78197,Bangladesh,314.2,2025-06-30 11:54:32.346799
INV1911,STK1011,Desk Organizer,42,2024-06-06,52.46,45386,Finland,2203.32,2025-06-30 11:54:32.346799
INV1912,STK1012,USB-C Cable,27,2024-09-11,61.42,91631,Finland,1658.34,2025-06-30 11:54:32.346800
INV1913,STK1013,HDMI Adapter,8,2024-01-12,55.19,89381,Poland,441.52,2025-06-30 11:54:32.346800
INV1914,STK1014,Earbuds,9,2024-02-16,97.88,27978,Colombia,880.92,2025-06-30 11:54:32.346801
INV1915,STK1015,Notebook,3,2024-07-20,98.75,64896,Hungary,296.25,2025-06-30 11:54:32.346801
INV1916,STK1016,Laptop Stand,3,2024-09-15,93.72,23751,Australia,281.16,2025-06-30 11:54:32.346801
INV1917,STK1017,Water Bottle,20,2024-08-22,17.54,77054,Israel,350.8,2025-06-30 11:54:32.346802
INV1918,STK1018,Phone Charger,32,2024-05-03,86.78,90962,Kenya,2776.96,2025-06-30 11:54:32.346802
INV1919,STK1019,Sticky Notes,8,2024-04-20,59.0,25431,Belgium,472.0,2025-06-30 11:54:32.346802
INV1920,STK1020,Monitor Riser,7,2024-10-25,39.71,47054,South Korea,277.97,2025-06-30 11:54:32.346803
INV1921,STK1021,Sticky Notes,16,2024-06-29,69.88,24943,Austria,1118.08,2025-06-30 11:54:32.346803
INV1922,STK1022,Desk Lamp,35,2024-01-25,77.46,23928,Turkey,2711.1,2025-06-30 11:54:32.346804
INV1923,STK1023,Desk Lamp,9,2024-01-26,95.67,75239,Finland,861.03,2025-06-30 11:54:32.346804
INV1924,STK1024,Flash Drive,25,2024-05-24,78.18,36037,Bangladesh,1954.5,2025-06-30 11:54:32.346805
INV1925,STK1025,Bluetooth Speaker,30,2024-09-10,6.59,89823,Switzerland,197.7,2025-06-30 11:54:32.346805
INV1926,STK1026,Laptop Stand,24,2024-11-01,11.42,36181,Iran,274.08,2025-06-30 11:54:32.346806
INV1927,STK1027,Calendar,43,2024-11-30,29.91,44471,Netherlands,1286.13,2025-06-30 11:54:32.346807
INV1928,STK1028,Sticky Notes,48,2024-12-10,8.78,78569,Kenya,421.44,2025-06-30 11:54:32.346807
INV1929,STK1029,USB-C Cable,45,2024-08-28,10.74,36433,Colombia,483.3,2025-06-30 11:54:32.346808
INV1930,STK1030,Earbuds,35,2024-05-26,79.98,56913,Australia,2799.3,2025-06-30 11:54:32.346809
INV1931,STK1031,Flash Drive,27,2024-10-01,53.13,63707,Colombia,1434.51,2025-06-30 11:54:32.346809
INV1932,STK1032,HDMI Adapter,38,2024-01-05,64.71,48712,Saudi Arabia,2458.98,2025-06-30 11:54:32.346810
INV1933,STK1033,Monitor Riser,48,2024-02-25,52.6,31020,Argentina,2524.8,2025-06-30 11:54:32.346810
INV1934,STK1034,Flash Drive,47,2024-08-08,44.47,15164,Brazil,2090.09,2025-06-30 11:54:32.346811
INV1935,STK1035,Phone Charger,10,2024-03-09,71.67,81845,Austria,716.7,2025-06-30 11:54:32.346812
INV1936,STK1036,Water Bottle,27,2024-05-15,12.83,75058,Germany,346.41,2025-06-30 11:54:32.346812
INV1937,STK1037,Sticky Notes,42,2024-07-06,55.97,37222,Ireland,2350.74,2025-06-30 11:54:32.346813
INV1938,STK1038,Calendar,7,2024-07-25,63.52,73001,Denmark,444.64,2025-06-30 11:54:32.346813
INV1939,STK1039,Flash Drive,32,2024-07-06,31.36,53332,Indonesia,1003.52,2025-06-30 11:54:32.346814
INV1940,STK1040,Power Bank,40,2024-01-24,34.44,40737,Canada,1377.6,2025-06-30 11:54:32.346815
INV1941,STK1041,Notebook,27,2024-07-24,53.57,10358,Kenya,1446.39,2025-06-30 11:54:32.346815
INV1942,STK1042,Flash Drive,18,2024-01-27,24.3,11671,Bangladesh,437.4,2025-06-30 11:54:32.346816
INV1943,STK1043,Calendar,3,2024-10-18,81.77,98032,Saudi Arabia,245.31,2025-06-30 11:54:32.346816
INV1944,STK1044,Earbuds,45,2024-10-14,55.96,21665,Bangladesh,2518.2,2025-06-30 11:54:32.346817
INV1945,STK1045,Sticky Notes,24,2024-04-09,42.12,24474,Belgium,1010.88,2025-06-30 11:54:32.346818
INV1946,STK1046,Earbuds,14,2024-07-04,65.26,85255,Sweden,913.64,2025-06-30 11:54:32.346818
INV1947,STK1047,Earbuds,29,2024-10-10,84.28,97690,China,2444.12,2025-06-30 11:54:32.346819
INV1948,STK1048,Ballpoint Pen,29,2024-05-27,69.7,74763,Mexico,2021.3,2025-06-30 11:54:32.346820
INV1949,STK1049,Flash Drive,16,2024-02-07,11.28,29548,Egypt,180.48,2025-06-30 11:54:32.346820
INV1950,STK1050,Coffee Mug,24,2024-07-16,71.37,21807,Australia,1712.88,2025-06-30 11:54:32.346821
INV1951,STK1051,HDMI Adapter,7,2024-09-15,74.35,77070,Bangladesh,520.45,2025-06-30 11:54:32.346822
INV1952,STK1052,Desk Lamp,44,2024-08-18,85.41,19836,Austria,3758.04,2025-06-30 11:54:32.346822
INV1953,STK1053,Wireless Mouse,24,2024-10-08,10.5,23276,Malaysia,252.0,2025-06-30 11:54:32.346823
INV1954,STK1054,Laptop Stand,35,2024-05-23,13.19,43540,New Zealand,461.65,2025-06-30 11:54:32.346823
INV1955,STK1055,Wireless Mouse,42,2024-11-15,46.28,94454,Malaysia,1943.76,2025-06-30 11:54:32.346824
INV1956,STK1056,Keyboard,23,2024-12-14,48.07,40298,Philippines,1105.61,2025-06-30 11:54:32.346824
INV1957,STK1057,Laptop Stand,4,2024-11-08,62.84,69867,Greece,251.36,2025-06-30 11:54:32.346825
INV1958,STK1058,Desk Lamp,26,2024-03-01,34.38,48800,Turkey,893.88,2025-06-30 11:54:32.346826
INV1959,STK1059,Flash Drive,18,2024-03-06,75.46,44619,Iran,1358.28,2025-06-30 11:54:32.346826
INV1960,STK1060,Monitor Riser,13,2024-02-19,75.36,70853,Vietnam,979.68,2025-06-30 11:54:32.346827
INV1961,STK1061,Monitor Riser,8,2024-07-20,16.35,16564,Argentina,130.8,2025-06-30 11:54:32.346828
INV1962,STK1062,Bluetooth Speaker,30,2024-07-10,72.25,23082,Portugal,2167.5,2025-06-30 11:54:32.346828
INV1963,STK1063,Phone Charger,6,2024-06-22,71.64,32898,Ireland,429.84,2025-06-30 11:54:32.346829
INV1964,STK1064,Power Bank,43,2024-10-12,20.56,15170,Indonesia,884.08,2025-06-30 11:54:32.346829
INV1965,STK1065,Desk Organizer,14,2024-07-06,95.54,48085,Israel,1337.56,2025-06-30 11:54:32.346830
INV1966,STK1066,Desk Lamp,42,2024-03-14,54.69,57214,South Korea,2296.98,2025-06-30 11:54:32.346831
INV1967,STK1067,Wireless Mouse,41,2024-04-11,79.38,98705,Switzerland,3254.58,2025-06-30 11:54:32.346831
INV1968,STK1068,Desk Lamp,39,2024-11-04,73.47,50987,Poland,2865.33,2025-06-30 11:54:32.346832
INV1969,STK1069,HDMI Adapter,2,2024-09-17,20.86,65836,Norway,41.72,2025-06-30 11:54:32.346832
INV1970,STK1070,Water Bottle,4,2024-07-24,17.06,25191,Japan,68.24,2025-06-30 11:54:32.346833
INV1971,STK1071,USB-C Cable,22,2024-09-13,79.21,22451,Bangladesh,1742.62,2025-06-30 11:54:32.346834
INV1972,STK1072,HDMI Adapter,16,2024-01-21,30.53,16014,Norway,488.48,2025-06-30 11:54:32.346835
INV1973,STK1073,HDMI Adapter,9,2024-01-24,89.21,11267,Bangladesh,802.89,2025-06-30 11:54:32.346846
INV1974,STK1074,Sticky Notes,37,2024-01-20,78.29,28139,New Zealand,2896.73,2025-06-30 11:54:32.346847
INV1975,STK1075,Desk Organizer,14,2024-03-11,7.79,96947,Nigeria,109.06,2025-06-30 11:54:32.346848
INV1976,STK1076,Phone Charger,5,2024-12-31,81.68,94829,New Zealand,408.4,2025-06-30 11:54:32.346848
INV1977,STK1077,Wireless Mouse,49,2024-06-19,30.84,32349,Austria,1511.16,2025-06-30 11:54:32.346849
INV1978,STK1078,Laptop Stand,36,2024-08-30,11.07,53078,Kenya,398.52,2025-06-30 11:54:32.346849
INV1979,STK1079,Phone Charger,14,2024-09-22,72.67,56861,Iran,1017.38,2025-06-30 11:54:32.346850
INV1980,STK1080,Phone Charger,38,2024-08-21,59.78,67372,Egypt,2271.64,2025-06-30 11:54:32.346850
INV1981,STK1081,Travel Backpack,14,2024-03-17,12.32,91501,Portugal,172.48,2025-06-30 11:54:32.346851
INV1982,STK1082,Calendar,15,2024-11-06,48.24,45167,Mexico,723.6,2025-06-30 11:54:32.346852
INV1983,STK1083,Flash Drive,22,2024-09-20,39.21,22183,Switzerland,862.62,2025-06-30 11:54:32.346852
INV1984,STK1084,Wireless Mouse,50,2024-03-12,52.46,58840,New Zealand,2623.0,2025-06-30 11:54:32.346853
INV1985,STK1085,Ballpoint Pen,10,2024-06-16,58.85,54921,Iran,588.5,2025-06-30 11:54:32.346854
INV1986,STK1086,Desk Lamp,39,2024-11-09,39.93,33969,India,1557.27,2025-06-30 11:54:32.346854
INV1987,STK1087,Phone Charger,1,2024-06-12,29.24,24920,Bangladesh,29.24,2025-06-30 11:54:32.346855
INV1988,STK1088,Phone Charger,18,2024-03-24,14.78,62530,Vietnam,266.04,2025-06-30 11:54:32.346856
INV1989,STK1089,Earbuds,10,2024-07-20,59.52,62461,UK,595.2,2025-06-30 11:54:32.346856
INV1990,STK1090,Earbuds,9,2024-11-11,73.66,69839,Iran,662.94,2025-06-30 11:54:32.346857
INV1991,STK1091,Bluetooth Speaker,35,2024-06-02,26.7,45629,Indonesia,934.5,2025-06-30 11:54:32.346857
INV1992,STK1092,Notebook,17,2024-10-30,53.34,60556,Netherlands,906.78,2025-06-30 11:54:32.346858
INV1993,STK1093,Earbuds,12,2024-06-21,9.18,72684,UAE,110.16,2025-06-30 11:54:32.346858
INV1994,STK1094,Notebook,8,2024-09-16,86.98,65278,Norway,695.84,2025-06-30 11:54:32.346859
INV1995,STK1095,Keyboard,43,2024-09-17,28.23,95045,Iran,1213.89,2025-06-30 11:54:32.346859
INV1996,STK1096,Desk Organizer,2,2024-09-29,49.82,31860,Turkey,99.64,2025-06-30 11:54:32.346859
INV1997,STK1097,Phone Charger,9,2024-09-07,41.38,24818,Argentina,372.42,2025-06-30 11:54:32.346860
INV1998,STK1098,Keyboard,1,2024-12-28,19.26,27368,Singapore,19.26,2025-06-30 11:54:32.346860
INV1999,STK1099,Monitor Riser,23,2024-10-15,93.46,17686,Russia,2149.58,2025-06-30 11:54:32.346861
